High,Low,Open,Close,Volume,Adj Close
1082.5,1063.199951171875,1063.4000244140625,1075.0999755859375,10.0,1075.0999755859375
1081.5,1075.300048828125,1075.5999755859375,1078.4000244140625,143.0,1078.4000244140625
1093.699951171875,1081.5999755859375,1081.5999755859375,1091.9000244140625,82.0,1091.9000244140625
1109.4000244140625,1091.5999755859375,1091.5999755859375,1107.699951171875,52.0,1107.699951171875
1111.0999755859375,1093.0,1111.0999755859375,1097.800048828125,122.0,1097.800048828125
1107.9000244140625,1096.5,1105.699951171875,1096.5,98.0,1096.5
1098.5,1084.0,1093.800048828125,1085.5999755859375,43.0,1085.5999755859375
1093.9000244140625,1081.5,1081.5,1087.5,87.0,1087.5
1091.5,1073.699951171875,1091.5,1073.9000244140625,50.0,1073.9000244140625
1095.800048828125,1081.800048828125,1085.0,1091.5,59.0,1091.5
1094.4000244140625,1084.9000244140625,1089.800048828125,1089.9000244140625,44.0,1089.9000244140625
1109.800048828125,1099.800048828125,1099.800048828125,1107.0999755859375,17.0,1107.0999755859375
1103.5999755859375,1094.0999755859375,1103.5999755859375,1099.0999755859375,30.0,1099.0999755859375
1103.199951171875,1097.199951171875,1098.0,1097.199951171875,16.0,1097.199951171875
1109.300048828125,1099.300048828125,1099.300048828125,1106.199951171875,4.0,1106.199951171875
1121.699951171875,1114.300048828125,1115.0999755859375,1121.699951171875,8.0,1121.699951171875
1117.800048828125,1115.800048828125,1117.800048828125,1116.0999755859375,181.0,1116.0999755859375
1125.699951171875,1109.800048828125,1125.4000244140625,1115.5999755859375,168706.0,1115.5999755859375
1118.5999755859375,1108.800048828125,1114.4000244140625,1116.4000244140625,52861.0,1116.4000244140625
1130.0,1115.300048828125,1116.699951171875,1127.9000244140625,6955.0,1127.9000244140625
1131.4000244140625,1123.0,1128.300048828125,1127.300048828125,1682.0,1127.300048828125
1146.0,1125.0,1128.5,1141.300048828125,1230.0,1141.300048828125
1157.5999755859375,1141.0,1142.5,1157.5999755859375,1630.0,1157.5999755859375
1174.800048828125,1146.0,1155.5999755859375,1157.800048828125,771.0,1157.800048828125
1200.4000244140625,1165.0,1173.5,1197.9000244140625,877.0,1197.9000244140625
1199.199951171875,1186.699951171875,1188.699951171875,1198.699951171875,931.0,1198.699951171875
1197.699951171875,1182.0999755859375,1189.800048828125,1194.699951171875,700.0,1194.699951171875
1260.800048828125,1204.5999755859375,1205.5999755859375,1247.9000244140625,671.0,1247.9000244140625
1247.800048828125,1233.5,1247.800048828125,1239.0999755859375,995.0,1239.0999755859375
1233.5999755859375,1193.5999755859375,1233.0999755859375,1207.9000244140625,250.0,1207.9000244140625
1212.9000244140625,1196.5,1196.5,1211.0999755859375,422.0,1211.0999755859375
1239.199951171875,1201.5999755859375,1209.5999755859375,1226.0999755859375,53.0,1226.0999755859375
1232.800048828125,1221.800048828125,1230.800048828125,1230.4000244140625,315.0,1230.4000244140625
1226.0999755859375,1203.0,1226.0999755859375,1209.5,76.0,1209.5
1226.0999755859375,1207.4000244140625,1207.4000244140625,1222.300048828125,280.0,1222.300048828125
1250.0999755859375,1230.0,1230.0,1238.699951171875,351.0,1238.699951171875
1241.5,1235.0,1239.4000244140625,1238.199951171875,111.0,1238.199951171875
1239.0999755859375,1212.199951171875,1232.4000244140625,1219.800048828125,1349.0,1219.800048828125
1241.0,1218.5999755859375,1218.5999755859375,1233.9000244140625,656.0,1233.9000244140625
1248.4000244140625,1229.0,1240.5,1230.300048828125,580.0,1230.300048828125
1242.5999755859375,1226.0,1232.800048828125,1241.0999755859375,477.0,1241.0999755859375
1267.9000244140625,1238.0,1238.4000244140625,1257.4000244140625,267.0,1257.4000244140625
1279.9000244140625,1250.9000244140625,1263.0,1269.9000244140625,123.0,1269.9000244140625
1272.300048828125,1259.699951171875,1259.800048828125,1263.199951171875,268.0,1263.199951171875
1276.300048828125,1261.0,1268.699951171875,1262.0999755859375,67.0,1262.0999755859375
1260.0,1244.800048828125,1254.5,1256.5999755859375,43.0,1256.5999755859375
1273.0,1237.5,1250.0,1272.0,79.0,1272.0
1280.699951171875,1249.4000244140625,1270.0,1258.699951171875,119.0,1258.699951171875
1258.0,1234.5,1256.0,1244.4000244140625,87.0,1244.4000244140625
1236.0,1228.0,1228.300048828125,1230.4000244140625,58.0,1230.4000244140625
1263.800048828125,1228.9000244140625,1229.5,1229.300048828125,37.0,1229.300048828125
1270.0999755859375,1255.9000244140625,1261.5,1264.5,45.0,1264.5
1264.4000244140625,1251.5,1257.0999755859375,1253.800048828125,27.0,1253.800048828125
1256.199951171875,1243.4000244140625,1256.199951171875,1243.800048828125,542.0,1243.800048828125
1252.4000244140625,1243.800048828125,1244.0,1248.199951171875,1061.0,1248.199951171875
1247.699951171875,1218.5999755859375,1247.699951171875,1223.699951171875,20.0,1223.699951171875
1221.4000244140625,1214.199951171875,1214.199951171875,1221.4000244140625,28.0,1221.4000244140625
1222.199951171875,1210.0,1211.5,1219.9000244140625,13.0,1219.9000244140625
1235.5999755859375,1217.699951171875,1217.800048828125,1235.5999755859375,33.0,1235.5999755859375
1245.0,1223.4000244140625,1241.4000244140625,1226.9000244140625,189732.0,1226.9000244140625
1239.5999755859375,1224.5,1225.5999755859375,1234.199951171875,48248.0,1234.199951171875
1235.199951171875,1209.199951171875,1232.300048828125,1222.199951171875,3377.0,1222.199951171875
1222.300048828125,1215.0,1221.699951171875,1218.0,1602.0,1218.0
1236.699951171875,1215.4000244140625,1215.4000244140625,1228.4000244140625,2038.0,1228.4000244140625
1230.4000244140625,1217.5999755859375,1230.4000244140625,1222.5,477.0,1222.5
1242.9000244140625,1224.5999755859375,1224.800048828125,1236.199951171875,248.0,1236.199951171875
1242.800048828125,1232.0,1241.0,1242.5,375.0,1242.5
1258.699951171875,1241.5,1241.5,1256.699951171875,409.0,1256.699951171875
1261.699951171875,1253.699951171875,1260.0,1259.4000244140625,437.0,1259.4000244140625
1256.9000244140625,1241.300048828125,1256.5,1246.800048828125,185.0,1246.800048828125
1243.699951171875,1224.5,1231.4000244140625,1225.0,203.0,1225.0
1235.0,1225.699951171875,1225.699951171875,1233.0999755859375,264.0,1233.0999755859375
1241.0999755859375,1232.199951171875,1238.699951171875,1233.5999755859375,97.0,1233.5999755859375
1256.199951171875,1228.800048828125,1231.5999755859375,1253.0,304.0,1253.0
1256.0999755859375,1243.0,1256.0999755859375,1253.199951171875,386.0,1253.199951171875
1270.5999755859375,1247.5999755859375,1247.699951171875,1249.0,180.0,1249.0
1248.5,1228.0,1248.5,1228.699951171875,124.0,1228.699951171875
1240.9000244140625,1231.5999755859375,1231.5999755859375,1238.9000244140625,188.0,1238.9000244140625
1244.199951171875,1233.0,1239.800048828125,1242.199951171875,442.0,1242.199951171875
1249.5,1248.5999755859375,1248.5999755859375,1249.199951171875,97.0,1249.199951171875
1270.0999755859375,1238.5,1245.9000244140625,1265.5,547.0,1265.5
1295.5,1267.199951171875,1267.300048828125,1289.199951171875,887.0,1289.199951171875
1304.4000244140625,1290.4000244140625,1292.0999755859375,1294.699951171875,464.0,1294.699951171875
1301.5,1284.5,1292.699951171875,1290.699951171875,192.0,1290.699951171875
1290.0,1273.0,1286.9000244140625,1273.300048828125,151.0,1273.300048828125
1286.0,1270.800048828125,1282.9000244140625,1271.4000244140625,109.0,1271.4000244140625
1295.5999755859375,1276.9000244140625,1278.5999755859375,1292.9000244140625,330.0,1292.9000244140625
1286.5,1262.300048828125,1286.5,1265.5999755859375,305.0,1265.5999755859375
1267.4000244140625,1258.699951171875,1265.0999755859375,1263.9000244140625,341.0,1263.9000244140625
1279.199951171875,1266.9000244140625,1266.9000244140625,1274.5999755859375,23.0,1274.5999755859375
1281.199951171875,1264.0,1267.0,1270.300048828125,50.0,1270.300048828125
1275.699951171875,1264.5999755859375,1271.4000244140625,1271.9000244140625,101.0,1271.9000244140625
1287.800048828125,1272.800048828125,1272.800048828125,1273.4000244140625,66.0,1273.4000244140625
1281.5999755859375,1270.800048828125,1272.5,1276.199951171875,44.0,1276.199951171875
1276.4000244140625,1256.800048828125,1276.4000244140625,1273.699951171875,16.0,1273.699951171875
1255.5,1247.5,1248.0,1254.199951171875,17.0,1254.199951171875
1256.5999755859375,1252.4000244140625,1256.5999755859375,1252.4000244140625,69.0,1252.4000244140625
1251.5999755859375,1247.5,1251.5999755859375,1251.0999755859375,44.0,1251.0999755859375
1240.0,1228.199951171875,1240.0,1228.9000244140625,56.0,1228.9000244140625
1223.5,1218.5999755859375,1219.300048828125,1223.5,20.0,1223.5
1232.5999755859375,1220.0999755859375,1232.5999755859375,1220.0999755859375,5.0,1220.0999755859375
1223.199951171875,1206.4000244140625,1220.300048828125,1213.800048828125,199778.0,1213.800048828125
1217.5999755859375,1199.0,1212.5,1214.800048828125,63739.0,1214.800048828125
1219.800048828125,1205.4000244140625,1215.699951171875,1211.9000244140625,6432.0,1211.9000244140625
1217.0,1209.5999755859375,1212.4000244140625,1209.800048828125,2717.0,1209.800048828125
1244.5,1206.4000244140625,1209.0999755859375,1240.0999755859375,1627.0,1240.0999755859375
1247.300048828125,1240.0,1244.4000244140625,1244.5999755859375,1622.0,1244.5999755859375
1244.9000244140625,1236.5,1244.0,1244.4000244140625,1135.0,1244.4000244140625
1264.0,1247.300048828125,1247.5999755859375,1259.800048828125,281.0,1259.800048828125
1271.4000244140625,1258.0999755859375,1262.5,1270.199951171875,406.0,1270.199951171875
1278.0,1265.300048828125,1267.5999755859375,1273.4000244140625,381.0,1273.4000244140625
1287.300048828125,1273.0,1276.199951171875,1284.4000244140625,397.0,1284.4000244140625
1289.699951171875,1277.800048828125,1281.800048828125,1285.5999755859375,328.0,1285.5999755859375
1296.199951171875,1278.800048828125,1284.5999755859375,1285.800048828125,554.0,1285.800048828125
1316.4000244140625,1281.0999755859375,1296.300048828125,1296.0999755859375,162.0,1296.0999755859375
1300.0999755859375,1280.300048828125,1280.300048828125,1292.5,251.0,1292.5
1291.199951171875,1280.300048828125,1288.9000244140625,1290.0,129.0,1290.0
1293.9000244140625,1266.300048828125,1293.9000244140625,1270.5,153.0,1270.5
1269.199951171875,1264.9000244140625,1267.0,1268.0,134.0,1268.0
1270.5,1255.199951171875,1263.4000244140625,1261.199951171875,53.0,1261.199951171875
1355.5999755859375,1253.699951171875,1253.699951171875,1320.0,218.0,1320.0
1331.699951171875,1320.0,1330.0,1322.5,694.0,1322.5
1315.5999755859375,1314.0999755859375,1314.800048828125,1315.300048828125,92.0,1315.300048828125
1327.4000244140625,1311.5999755859375,1311.5999755859375,1323.9000244140625,1072.0,1323.9000244140625
1323.5,1314.5,1315.800048828125,1318.4000244140625,414.0,1318.4000244140625
1344.199951171875,1321.9000244140625,1324.5,1336.699951171875,560.0,1336.699951171875
1356.800048828125,1339.699951171875,1342.199951171875,1356.4000244140625,137.0,1356.4000244140625
1374.9000244140625,1359.0,1359.0,1364.9000244140625,90.0,1364.9000244140625
1368.5999755859375,1350.5,1366.800048828125,1360.0999755859375,130.0,1360.0999755859375
1365.800048828125,1335.0,1361.300048828125,1356.5999755859375,207.0,1356.5999755859375
1371.800048828125,1353.0,1371.699951171875,1355.0,249.0,1355.0
1356.0,1330.300048828125,1353.5999755859375,1334.0999755859375,26.0,1334.0999755859375
1342.4000244140625,1336.699951171875,1341.5,1342.4000244140625,252.0,1342.4000244140625
1341.4000244140625,1322.699951171875,1341.4000244140625,1331.300048828125,7.0,1331.300048828125
1333.699951171875,1322.9000244140625,1333.699951171875,1326.5,20.0,1326.5
1335.0,1326.199951171875,1327.5,1328.4000244140625,52.0,1328.4000244140625
1333.199951171875,1326.4000244140625,1328.5,1331.5,54.0,1331.5
1337.5,1315.5,1331.0,1318.800048828125,322.0,1318.800048828125
1330.5,1312.800048828125,1312.800048828125,1330.5,751.0,1330.5
1330.699951171875,1320.4000244140625,1330.699951171875,1323.0999755859375,318.0,1323.0999755859375
1319.300048828125,1313.800048828125,1315.699951171875,1319.300048828125,55.0,1319.300048828125
1320.699951171875,1315.199951171875,1315.199951171875,1320.699951171875,548.0,1320.699951171875
1326.5999755859375,1326.0,1326.0,1326.5999755859375,63.0,1326.5999755859375
1344.300048828125,1330.0999755859375,1339.5,1332.300048828125,215388.0,1332.300048828125
1353.300048828125,1325.800048828125,1333.199951171875,1349.0,56908.0,1349.0
1353.5,1345.5999755859375,1348.800048828125,1351.4000244140625,6076.0,1351.4000244140625
1366.0,1346.5999755859375,1352.0999755859375,1364.4000244140625,1257.0,1364.4000244140625
1364.699951171875,1353.300048828125,1362.4000244140625,1356.0999755859375,2941.0,1356.0999755859375
1361.5999755859375,1347.0,1354.4000244140625,1358.800048828125,715.0,1358.800048828125
1360.800048828125,1333.699951171875,1357.5999755859375,1336.4000244140625,381.0,1336.4000244140625
1335.4000244140625,1327.800048828125,1330.0,1333.4000244140625,1107.0,1333.4000244140625
1339.4000244140625,1328.5,1331.800048828125,1339.0,587.0,1339.0
1354.199951171875,1344.300048828125,1344.800048828125,1344.300048828125,620.0,1344.300048828125
1350.4000244140625,1334.800048828125,1341.5999755859375,1342.5,110.0,1342.5
1351.800048828125,1333.199951171875,1336.800048828125,1335.800048828125,666.0,1335.800048828125
1340.5999755859375,1333.5999755859375,1336.5,1340.300048828125,113.0,1340.300048828125
1355.0,1341.0,1342.199951171875,1350.5,62.0,1350.5
1347.300048828125,1338.5999755859375,1345.5,1342.699951171875,338.0,1342.699951171875
1354.4000244140625,1348.199951171875,1351.300048828125,1351.199951171875,135.0,1351.199951171875
1350.0999755859375,1338.5999755859375,1350.0999755859375,1340.4000244140625,140.0,1340.4000244140625
1337.699951171875,1333.300048828125,1334.4000244140625,1337.699951171875,197.0,1337.699951171875
1341.199951171875,1334.300048828125,1337.0,1340.5999755859375,117.0,1340.5999755859375
1337.199951171875,1322.9000244140625,1337.199951171875,1324.4000244140625,551.0,1324.4000244140625
1324.0,1317.0,1321.4000244140625,1320.0999755859375,262.0,1320.0999755859375
1340.5,1320.0999755859375,1323.800048828125,1321.5,58.0,1321.5
1323.0,1315.0,1315.0,1322.9000244140625,141.0,1322.9000244140625
1322.0999755859375,1308.0,1322.0,1311.699951171875,437.0,1311.699951171875
1313.699951171875,1306.300048828125,1310.300048828125,1306.9000244140625,705.0,1306.9000244140625
1313.0999755859375,1301.5,1305.300048828125,1312.199951171875,214.0,1312.199951171875
1326.699951171875,1309.199951171875,1309.5999755859375,1322.0999755859375,225.0,1322.0999755859375
1349.4000244140625,1323.199951171875,1323.300048828125,1349.4000244140625,55.0,1349.4000244140625
1350.5,1343.9000244140625,1348.4000244140625,1344.300048828125,46.0,1344.300048828125
1345.4000244140625,1335.699951171875,1344.800048828125,1336.800048828125,14.0,1336.800048828125
1338.5,1328.0,1338.5,1330.0999755859375,30.0,1330.0999755859375
1329.300048828125,1319.9000244140625,1327.0,1321.0,35.0,1321.0
1324.5999755859375,1315.0,1324.5999755859375,1319.0,177.0,1319.0
1322.300048828125,1319.199951171875,1319.199951171875,1321.5,79.0,1321.5
1320.699951171875,1310.800048828125,1320.699951171875,1313.5,73.0,1313.5
1312.5999755859375,1305.800048828125,1312.199951171875,1305.800048828125,37.0,1305.800048828125
1313.5,1313.5,1313.5,1313.5,4.0,1313.5
1313.699951171875,1313.699951171875,1313.699951171875,1313.699951171875,20.0,1313.699951171875
1326.9000244140625,1324.0,1326.300048828125,1326.9000244140625,97.0,1326.9000244140625
1340.4000244140625,1338.199951171875,1338.5999755859375,1340.4000244140625,76.0,1340.4000244140625
1337.199951171875,1337.199951171875,1337.199951171875,1337.199951171875,23.0,1337.199951171875
1341.800048828125,1335.199951171875,1335.199951171875,1339.699951171875,40.0,1339.699951171875
1328.699951171875,1325.9000244140625,1328.0,1325.9000244140625,24.0,1325.9000244140625
1319.4000244140625,1319.4000244140625,1319.4000244140625,1319.4000244140625,48.0,1319.4000244140625
1325.0,1314.699951171875,1321.199951171875,1321.699951171875,10551.0,1321.699951171875
1327.699951171875,1312.9000244140625,1320.5999755859375,1313.300048828125,6108.0,1313.300048828125
1316.800048828125,1308.199951171875,1313.5,1309.0,868.0,1309.0
1310.199951171875,1266.300048828125,1307.5999755859375,1266.300048828125,299.0,1266.300048828125
1274.0,1261.300048828125,1272.0999755859375,1265.199951171875,1893.0,1265.199951171875
1265.300048828125,1249.800048828125,1265.300048828125,1249.800048828125,246.0,1249.800048828125
1263.5999755859375,1248.9000244140625,1253.9000244140625,1248.9000244140625,114.0,1248.9000244140625
1258.9000244140625,1253.0,1258.9000244140625,1253.0,27.0,1253.0
1254.0,1251.0999755859375,1251.699951171875,1251.0999755859375,26.0,1251.0999755859375
1259.0,1255.0,1258.699951171875,1255.0,127.0,1255.0
1253.9000244140625,1250.5999755859375,1253.9000244140625,1253.0999755859375,315.0,1253.0999755859375
1255.0,1249.9000244140625,1249.9000244140625,1254.4000244140625,311.0,1254.4000244140625
1261.699951171875,1260.800048828125,1260.9000244140625,1260.800048828125,41.0,1260.800048828125
1271.5,1262.9000244140625,1262.9000244140625,1267.9000244140625,11.0,1267.9000244140625
1270.5,1265.5,1270.0,1265.5999755859375,219.0,1265.5999755859375
1265.9000244140625,1265.9000244140625,1265.9000244140625,1265.9000244140625,415.0,1265.9000244140625
1269.199951171875,1261.800048828125,1269.199951171875,1262.0,224.0,1262.0
1274.0999755859375,1264.0999755859375,1264.0999755859375,1271.9000244140625,42.0,1271.9000244140625
1274.0,1264.800048828125,1274.0,1264.800048828125,61.0,1264.800048828125
1269.4000244140625,1267.9000244140625,1269.4000244140625,1267.9000244140625,279.0,1267.9000244140625
1281.5,1262.0,1270.300048828125,1275.5,338.0,1275.5
1276.5999755859375,1271.5,1276.5999755859375,1271.5,560.0,1271.5
1290.699951171875,1279.0,1279.300048828125,1286.4000244140625,58.0,1286.4000244140625
1307.0,1288.300048828125,1288.300048828125,1306.800048828125,49.0,1306.800048828125
1303.0999755859375,1287.300048828125,1296.4000244140625,1302.0999755859375,30.0,1302.0999755859375
1303.300048828125,1296.699951171875,1300.0,1303.300048828125,73.0,1303.300048828125
1294.5,1278.300048828125,1292.0,1278.300048828125,11.0,1278.300048828125
1289.4000244140625,1273.199951171875,1284.0999755859375,1273.4000244140625,34.0,1273.4000244140625
1318.5999755859375,1270.0,1272.199951171875,1272.5999755859375,50.0,1272.5999755859375
1287.5,1253.300048828125,1274.4000244140625,1265.5,108.0,1265.5
1229.5,1210.4000244140625,1227.800048828125,1221.199951171875,599.0,1221.199951171875
1226.0,1222.5,1224.300048828125,1224.0,216.0,1224.0
1229.300048828125,1223.0,1229.300048828125,1223.4000244140625,20.0,1223.4000244140625
1225.0,1211.0,1224.5999755859375,1216.5,66.0,1216.5
1211.9000244140625,1207.199951171875,1211.9000244140625,1208.5,1139.0,1208.5
1209.5999755859375,1209.5999755859375,1209.5999755859375,1209.5999755859375,607.0,1209.5999755859375
1211.0999755859375,1207.5999755859375,1210.4000244140625,1211.0,19.0,1211.0
1213.800048828125,1186.800048828125,1212.800048828125,1189.0999755859375,19.0,1189.0999755859375
1189.300048828125,1177.0,1177.0,1178.199951171875,309.0,1178.199951171875
1190.5999755859375,1188.0,1188.0,1190.5999755859375,14.0,1190.5999755859375
1194.800048828125,1179.4000244140625,1193.199951171875,1187.9000244140625,189914.0,1187.9000244140625
1193.300048828125,1167.9000244140625,1187.0999755859375,1170.800048828125,42124.0,1170.800048828125
1174.5999755859375,1160.0,1172.699951171875,1166.9000244140625,7158.0,1166.9000244140625
1177.300048828125,1166.4000244140625,1172.300048828125,1175.0999755859375,1588.0,1175.0999755859375
1186.699951171875,1157.0,1181.800048828125,1174.0,1521.0,1174.0
1174.5,1167.0999755859375,1170.9000244140625,1167.5999755859375,358.0,1167.5999755859375
1178.5,1166.4000244140625,1167.699951171875,1175.0,652.0,1175.0
1177.800048828125,1169.0999755859375,1173.800048828125,1169.800048828125,182.0,1169.800048828125
1168.800048828125,1156.0,1166.5999755859375,1159.4000244140625,322.0,1159.4000244140625
1163.9000244140625,1153.0,1158.300048828125,1163.5,365.0,1163.5
1164.0,1155.4000244140625,1163.5,1156.699951171875,331.0,1156.699951171875
1164.0,1142.0,1159.800048828125,1161.300048828125,637.0,1161.300048828125
1143.300048828125,1123.9000244140625,1139.800048828125,1127.800048828125,487.0,1127.800048828125
1140.9000244140625,1126.9000244140625,1126.9000244140625,1135.300048828125,244.0,1135.300048828125
1140.699951171875,1137.9000244140625,1139.4000244140625,1140.5,146.0,1140.5
1133.5,1126.5,1133.5,1131.5,249.0,1131.5
1136.0999755859375,1130.0,1136.0999755859375,1131.0999755859375,46.0,1131.0999755859375
1132.800048828125,1128.300048828125,1131.199951171875,1128.800048828125,50.0,1128.800048828125
1132.800048828125,1130.300048828125,1130.9000244140625,1131.9000244140625,104.0,1131.9000244140625
1142.199951171875,1134.300048828125,1134.300048828125,1137.300048828125,70.0,1137.300048828125
1141.199951171875,1138.0,1141.199951171875,1139.4000244140625,84.0,1139.4000244140625
1158.800048828125,1143.5999755859375,1143.800048828125,1156.4000244140625,1570.0,1156.4000244140625
1162.0,1150.0,1162.0,1150.0,950.0,1150.0
1160.800048828125,1146.5,1155.199951171875,1160.4000244140625,16.0,1160.4000244140625
1165.0,1156.300048828125,1156.300048828125,1163.800048828125,52.0,1163.800048828125
1183.300048828125,1171.5,1172.0,1179.699951171875,36.0,1179.699951171875
1176.5,1171.9000244140625,1176.5,1171.9000244140625,500.0,1171.9000244140625
1183.5999755859375,1173.0,1173.9000244140625,1183.5,16.0,1183.5
1188.9000244140625,1182.300048828125,1184.300048828125,1184.199951171875,62.0,1184.199951171875
1197.0,1176.5,1187.5,1195.5999755859375,8.0,1195.5999755859375
1204.300048828125,1192.300048828125,1192.699951171875,1198.9000244140625,20.0,1198.9000244140625
1196.0,1187.699951171875,1195.699951171875,1195.300048828125,110.0,1195.300048828125
1214.5999755859375,1200.800048828125,1205.5,1212.0,65.0,1212.0
1214.699951171875,1203.0999755859375,1213.5999755859375,1211.300048828125,79.0,1211.300048828125
1204.0,1195.800048828125,1200.5,1200.9000244140625,114.0,1200.9000244140625
1212.0999755859375,1202.800048828125,1202.800048828125,1204.300048828125,26.0,1204.300048828125
1215.0,1210.0,1212.0,1215.0,38.0,1215.0
1219.0,1207.699951171875,1219.0,1210.300048828125,16.0,1210.300048828125
1202.800048828125,1194.9000244140625,1202.0,1197.300048828125,24.0,1197.300048828125
1199.699951171875,1185.5999755859375,1199.699951171875,1189.5,403.0,1189.5
1188.300048828125,1187.9000244140625,1187.9000244140625,1188.0999755859375,19.0,1188.0999755859375
1198.5,1187.0999755859375,1191.699951171875,1193.199951171875,234352.0,1193.199951171875
1214.699951171875,1193.5,1194.9000244140625,1208.5999755859375,50503.0,1208.5999755859375
1211.9000244140625,1197.9000244140625,1211.9000244140625,1205.5999755859375,3212.0,1205.5999755859375
1224.199951171875,1208.9000244140625,1209.699951171875,1216.699951171875,1145.0,1216.699951171875
1220.5999755859375,1206.199951171875,1214.9000244140625,1218.5,1512.0,1218.5
1235.4000244140625,1218.5,1221.9000244140625,1230.0,865.0,1230.0
1236.199951171875,1228.5,1234.199951171875,1234.199951171875,908.0,1234.199951171875
1243.9000244140625,1231.0,1232.0999755859375,1237.5999755859375,1177.0,1237.5999755859375
1243.5,1226.9000244140625,1239.4000244140625,1235.0999755859375,288.0,1235.0999755859375
1234.4000244140625,1221.5,1227.5999755859375,1234.4000244140625,885.0,1234.4000244140625
1231.0999755859375,1219.0,1230.5,1224.4000244140625,391.0,1224.4000244140625
1233.5,1222.0999755859375,1225.9000244140625,1223.9000244140625,398.0,1223.9000244140625
1231.699951171875,1217.300048828125,1225.5,1231.699951171875,159.0,1231.699951171875
1240.699951171875,1233.199951171875,1234.5,1240.0,175.0,1240.0
1241.199951171875,1234.800048828125,1240.699951171875,1237.5999755859375,87.0,1237.5999755859375
1237.5,1228.0999755859375,1237.300048828125,1237.5,301.0,1237.5
1238.5999755859375,1231.800048828125,1236.0999755859375,1232.0,119.0,1232.0
1250.300048828125,1236.0999755859375,1236.0999755859375,1250.199951171875,36.0,1250.199951171875
1258.800048828125,1250.0,1250.0,1256.9000244140625,112.0,1256.9000244140625
1263.0999755859375,1250.4000244140625,1254.699951171875,1257.4000244140625,1264.0,1257.4000244140625
1257.300048828125,1247.199951171875,1253.5999755859375,1252.5999755859375,544.0,1252.5999755859375
1248.9000244140625,1236.9000244140625,1247.800048828125,1248.9000244140625,721.0,1248.9000244140625
1247.5999755859375,1230.699951171875,1247.199951171875,1231.9000244140625,138.0,1231.9000244140625
1235.199951171875,1222.9000244140625,1231.699951171875,1225.5,79.0,1225.5
1235.199951171875,1224.5,1235.199951171875,1224.5,121.0,1224.5
1225.4000244140625,1213.699951171875,1224.300048828125,1215.0999755859375,29.0,1215.0999755859375
1212.199951171875,1206.699951171875,1212.199951171875,1208.5,53.0,1208.5
1205.5999755859375,1202.300048828125,1204.5,1202.4000244140625,24.0,1202.4000244140625
1203.300048828125,1196.199951171875,1196.199951171875,1200.699951171875,37.0,1200.699951171875
1210.0,1202.300048828125,1206.199951171875,1202.4000244140625,3.0,1202.4000244140625
1205.9000244140625,1196.800048828125,1203.0999755859375,1201.9000244140625,35.0,1201.9000244140625
1221.199951171875,1197.699951171875,1198.199951171875,1200.0999755859375,22.0,1200.0999755859375
1231.4000244140625,1222.199951171875,1222.199951171875,1226.5,36.0,1226.5
1230.9000244140625,1227.0999755859375,1227.0999755859375,1229.800048828125,47.0,1229.800048828125
1234.4000244140625,1229.300048828125,1229.300048828125,1233.5999755859375,26.0,1233.5999755859375
1246.0999755859375,1226.4000244140625,1226.4000244140625,1246.0999755859375,23.0,1246.0999755859375
1249.5,1247.699951171875,1247.9000244140625,1249.300048828125,11.0,1249.300048828125
1247.5,1244.800048828125,1246.4000244140625,1246.9000244140625,3.0,1246.9000244140625
1248.300048828125,1247.5999755859375,1248.0,1248.199951171875,16.0,1248.199951171875
1257.699951171875,1253.800048828125,1255.800048828125,1255.4000244140625,3.0,1255.4000244140625
1255.9000244140625,1255.300048828125,1255.9000244140625,1255.300048828125,72.0,1255.300048828125
1253.4000244140625,1252.0999755859375,1252.199951171875,1253.4000244140625,19.0,1253.4000244140625
1253.5999755859375,1241.0999755859375,1253.0999755859375,1245.0,190678.0,1245.0
1248.800048828125,1238.699951171875,1242.0999755859375,1247.300048828125,51328.0,1247.300048828125
1252.4000244140625,1243.5999755859375,1247.5,1250.800048828125,8223.0,1250.800048828125
1260.300048828125,1253.0,1253.0999755859375,1255.0,1160.0,1255.0
1255.4000244140625,1243.0,1255.4000244140625,1245.4000244140625,724.0,1245.4000244140625
1257.5,1249.0,1256.0999755859375,1250.300048828125,907.0,1250.300048828125
1269.0999755859375,1249.5,1249.5,1254.300048828125,169.0,1254.300048828125
1255.199951171875,1246.800048828125,1252.699951171875,1251.0999755859375,445.0,1251.0999755859375
1273.5,1254.5,1254.5,1271.199951171875,182.0,1271.199951171875
1285.0999755859375,1272.0,1275.0,1275.300048828125,401.0,1275.300048828125
1287.5999755859375,1282.0,1285.300048828125,1285.9000244140625,492.0,1285.9000244140625
1294.800048828125,1284.300048828125,1291.800048828125,1289.4000244140625,915.0,1289.4000244140625
1291.699951171875,1278.5999755859375,1283.9000244140625,1291.699951171875,73.0,1291.699951171875
1288.0,1274.0,1288.0,1281.4000244140625,394.0,1281.4000244140625
1281.9000244140625,1276.199951171875,1279.699951171875,1281.9000244140625,194.0,1281.9000244140625
1287.4000244140625,1279.199951171875,1279.800048828125,1287.4000244140625,127.0,1287.4000244140625
1276.4000244140625,1265.0,1275.0,1275.800048828125,474.0,1275.800048828125
1276.9000244140625,1262.0999755859375,1275.5999755859375,1265.5999755859375,605.0,1265.5999755859375
1266.0,1262.0999755859375,1266.0,1262.0999755859375,356.0,1262.0999755859375
1267.199951171875,1262.199951171875,1266.699951171875,1263.699951171875,1156.0,1263.699951171875
1267.199951171875,1264.699951171875,1265.9000244140625,1266.0999755859375,206.0,1266.0999755859375
1269.300048828125,1253.300048828125,1268.699951171875,1253.300048828125,85.0,1253.300048828125
1256.199951171875,1251.199951171875,1256.199951171875,1255.0999755859375,34.0,1255.0999755859375
1255.800048828125,1238.699951171875,1255.0999755859375,1246.4000244140625,90.0,1246.4000244140625
1239.800048828125,1224.199951171875,1239.800048828125,1226.5,195.0,1226.5
1233.699951171875,1224.800048828125,1227.0,1224.800048828125,72.0,1224.800048828125
1234.0,1224.0,1224.0,1225.300048828125,16.0,1225.300048828125
1226.199951171875,1214.0,1226.0999755859375,1214.300048828125,43.0,1214.300048828125
1220.199951171875,1217.300048828125,1219.800048828125,1217.300048828125,55.0,1217.300048828125
1222.699951171875,1218.300048828125,1218.5,1222.699951171875,23.0,1222.699951171875
1229.5,1226.0999755859375,1228.0,1226.199951171875,13.0,1226.199951171875
1232.699951171875,1227.5,1227.5,1228.5999755859375,29.0,1228.5999755859375
1237.300048828125,1230.4000244140625,1230.4000244140625,1235.0,13.0,1235.0
1259.199951171875,1240.699951171875,1241.0,1257.5,20.0,1257.5
1260.0,1245.800048828125,1254.800048828125,1251.699951171875,26.0,1251.699951171875
1252.699951171875,1252.699951171875,1252.699951171875,1252.699951171875,43.0,1252.699951171875
1260.699951171875,1251.699951171875,1251.699951171875,1260.699951171875,14.0,1260.699951171875
1261.5999755859375,1250.5999755859375,1261.5,1254.800048828125,14.0,1254.800048828125
1257.800048828125,1249.699951171875,1251.9000244140625,1252.4000244140625,20.0,1252.4000244140625
1258.300048828125,1255.800048828125,1257.0999755859375,1255.800048828125,14.0,1255.800048828125
1267.5999755859375,1267.5999755859375,1267.5999755859375,1267.5999755859375,11.0,1267.5999755859375
1270.0,1258.4000244140625,1267.4000244140625,1262.0999755859375,271457.0,1262.0999755859375
1273.199951171875,1258.5,1262.4000244140625,1272.0,129819.0,1272.0
1269.199951171875,1260.800048828125,1268.0,1267.0,2712.0,1267.0
1279.0,1259.0,1265.199951171875,1276.800048828125,825.0,1276.800048828125
1282.0,1277.0,1279.199951171875,1279.300048828125,1732.0,1279.300048828125
1295.199951171875,1279.4000244140625,1279.4000244140625,1294.4000244140625,433.0,1294.4000244140625
1293.0999755859375,1284.300048828125,1291.5999755859375,1290.0999755859375,942.0,1290.0999755859375
1287.5999755859375,1268.0999755859375,1285.4000244140625,1276.300048828125,641.0,1276.300048828125
1277.9000244140625,1264.5999755859375,1277.9000244140625,1268.5,319.0,1268.5
1269.300048828125,1263.199951171875,1266.4000244140625,1266.0999755859375,467.0,1266.0999755859375
1266.9000244140625,1259.699951171875,1264.0999755859375,1265.800048828125,255.0,1265.800048828125
1278.0,1256.800048828125,1269.4000244140625,1272.800048828125,150.0,1272.800048828125
1264.199951171875,1250.300048828125,1263.199951171875,1252.199951171875,336.0,1252.199951171875
1255.300048828125,1251.300048828125,1252.800048828125,1254.0,743.0,1254.0
1252.199951171875,1241.9000244140625,1252.0999755859375,1244.199951171875,34.0,1244.199951171875
1245.5,1240.5,1242.199951171875,1241.0,108.0,1241.0
1245.0,1240.0,1244.0999755859375,1243.4000244140625,75.0,1243.4000244140625
1252.699951171875,1246.300048828125,1251.0,1247.5999755859375,205.0,1247.5999755859375
1273.5999755859375,1249.800048828125,1250.0,1256.199951171875,156.0,1256.199951171875
1260.199951171875,1241.5999755859375,1260.199951171875,1246.300048828125,269.0,1246.300048828125
1251.800048828125,1245.9000244140625,1251.5999755859375,1246.4000244140625,194.0,1246.4000244140625
1248.5,1248.0,1248.5,1248.0,111.0,1248.0
1250.699951171875,1238.0999755859375,1248.199951171875,1244.199951171875,370.0,1244.199951171875
1243.699951171875,1239.0999755859375,1243.699951171875,1240.699951171875,540.0,1240.699951171875
1225.0,1217.0999755859375,1222.5,1220.4000244140625,33.0,1220.4000244140625
1225.0999755859375,1222.199951171875,1225.0999755859375,1222.199951171875,40.0,1222.199951171875
1220.4000244140625,1208.5999755859375,1219.0999755859375,1208.5999755859375,5.0,1208.5999755859375
1212.0999755859375,1209.5999755859375,1211.4000244140625,1212.0999755859375,116.0,1212.0999755859375
1214.9000244140625,1208.699951171875,1208.699951171875,1213.5999755859375,28.0,1213.5999755859375
1219.4000244140625,1217.9000244140625,1218.300048828125,1218.0999755859375,12.0,1218.0999755859375
1221.4000244140625,1216.300048828125,1221.4000244140625,1216.300048828125,7.0,1216.300048828125
1227.5,1214.800048828125,1214.9000244140625,1226.5999755859375,7.0,1226.5999755859375
1233.4000244140625,1229.9000244140625,1229.9000244140625,1232.800048828125,23.0,1232.800048828125
1241.199951171875,1236.199951171875,1236.199951171875,1241.0999755859375,7.0,1241.0999755859375
1241.199951171875,1240.0999755859375,1240.4000244140625,1241.199951171875,29.0,1241.199951171875
1244.800048828125,1236.5999755859375,1236.5999755859375,1244.800048828125,3.0,1244.800048828125
1254.300048828125,1250.5,1250.699951171875,1254.300048828125,5.0,1254.300048828125
1256.0,1253.9000244140625,1256.0,1253.9000244140625,16.0,1253.9000244140625
1253.5999755859375,1249.199951171875,1252.699951171875,1251.699951171875,8.0,1251.699951171875
1249.0,1244.800048828125,1244.800048828125,1249.0,18.0,1249.0
1259.5999755859375,1259.5999755859375,1259.5999755859375,1259.5999755859375,7.0,1259.5999755859375
1270.0,1256.9000244140625,1258.4000244140625,1268.4000244140625,220309.0,1268.4000244140625
1270.800048828125,1265.800048828125,1268.9000244140625,1266.5999755859375,64180.0,1266.5999755859375
1273.300048828125,1262.0,1268.4000244140625,1272.5999755859375,7780.0,1272.5999755859375
1272.0999755859375,1262.9000244140625,1268.5,1271.800048828125,1061.0,1271.800048828125
1269.800048828125,1256.5999755859375,1265.9000244140625,1267.800048828125,393.0,1267.800048828125
1269.5999755859375,1253.9000244140625,1269.0,1258.300048828125,878.0,1258.300048828125
1259.0999755859375,1255.300048828125,1258.699951171875,1258.199951171875,521.0,1258.199951171875
1264.0999755859375,1251.4000244140625,1256.9000244140625,1256.4000244140625,260.0,1256.4000244140625
1277.800048828125,1260.199951171875,1260.199951171875,1273.0,555.0,1273.0
1287.4000244140625,1274.9000244140625,1276.5999755859375,1283.699951171875,574.0,1283.699951171875
1291.0999755859375,1282.0,1286.300048828125,1287.699951171875,608.0,1287.699951171875
1288.4000244140625,1278.800048828125,1288.4000244140625,1284.199951171875,139.0,1284.199951171875
1280.5,1267.4000244140625,1280.5,1273.699951171875,338.0,1273.699951171875
1282.5999755859375,1269.4000244140625,1271.300048828125,1276.9000244140625,188.0,1276.9000244140625
1288.5,1283.199951171875,1283.800048828125,1286.4000244140625,110.0,1286.4000244140625
1300.699951171875,1284.300048828125,1288.5999755859375,1285.699951171875,43.0,1285.699951171875
1290.800048828125,1284.699951171875,1285.199951171875,1290.800048828125,358.0,1290.800048828125
1288.4000244140625,1283.199951171875,1287.199951171875,1285.0999755859375,18.0,1285.0999755859375
1289.4000244140625,1286.9000244140625,1289.4000244140625,1288.9000244140625,100.0,1288.9000244140625
1288.699951171875,1284.0,1288.699951171875,1286.5,250.0,1286.5
1292.699951171875,1280.300048828125,1285.4000244140625,1292.5,550.0,1292.5
1311.300048828125,1293.5,1293.5,1309.699951171875,280.0,1309.699951171875
1323.800048828125,1313.0999755859375,1318.800048828125,1313.0999755859375,145.0,1313.0999755859375
1312.5,1304.9000244140625,1308.199951171875,1308.0999755859375,1178.0,1308.0999755859375
1322.300048828125,1301.699951171875,1306.5999755859375,1316.199951171875,1178.0,1316.199951171875
1327.699951171875,1316.9000244140625,1320.199951171875,1324.5,373.0,1324.5
1339.199951171875,1328.5999755859375,1335.199951171875,1339.199951171875,313.0,1339.199951171875
1340.300048828125,1332.5999755859375,1340.0,1333.9000244140625,39.0,1333.9000244140625
1349.0,1336.4000244140625,1336.4000244140625,1345.0999755859375,20.0,1345.0999755859375
1355.800048828125,1345.5999755859375,1351.0,1346.0,26.0,1346.0
1331.0,1327.300048828125,1331.0,1331.0,37.0,1331.0
1328.0,1325.199951171875,1327.0,1328.0,9.0,1328.0
1323.4000244140625,1323.4000244140625,1323.4000244140625,1323.4000244140625,15.0,1323.4000244140625
1329.300048828125,1319.5999755859375,1319.5999755859375,1324.699951171875,16.0,1324.699951171875
1321.199951171875,1319.800048828125,1320.5999755859375,1320.4000244140625,316.0,1320.4000244140625
1310.4000244140625,1306.0,1309.800048828125,1306.300048828125,15.0,1306.300048828125
1310.300048828125,1305.0999755859375,1307.9000244140625,1306.199951171875,129.0,1306.199951171875
1312.0,1298.699951171875,1312.0,1312.0,20.0,1312.0
1304.0999755859375,1290.300048828125,1299.0999755859375,1290.5999755859375,12.0,1290.5999755859375
1295.699951171875,1293.300048828125,1295.0,1293.300048828125,336.0,1293.300048828125
1309.199951171875,1291.0,1293.0999755859375,1306.800048828125,209.0,1306.800048828125
1305.5999755859375,1297.0,1304.5,1297.0,51.0,1297.0
1283.4000244140625,1283.4000244140625,1283.4000244140625,1283.4000244140625,39.0,1283.4000244140625
1288.0,1277.0,1283.0999755859375,1285.5,19488.0,1285.5
1289.4000244140625,1281.5,1284.199951171875,1281.5,5226.0,1281.5
1276.0999755859375,1270.4000244140625,1275.0,1272.699951171875,492.0,1272.699951171875
1273.300048828125,1268.5999755859375,1269.699951171875,1271.5,136.0,1271.5
1280.800048828125,1270.0,1273.800048828125,1273.699951171875,192.0,1273.699951171875
1277.800048828125,1267.5999755859375,1277.800048828125,1269.9000244140625,218.0,1269.9000244140625
1272.0,1260.5,1267.5999755859375,1271.5999755859375,36.0,1271.5999755859375
1284.0,1279.0,1280.5999755859375,1281.800048828125,46.0,1281.800048828125
1293.0,1281.699951171875,1282.5999755859375,1290.5999755859375,19.0,1290.5999755859375
1292.0,1284.9000244140625,1287.300048828125,1285.800048828125,18.0,1285.800048828125
1294.5,1289.300048828125,1291.5,1293.300048828125,21.0,1293.300048828125
1301.699951171875,1291.699951171875,1293.300048828125,1301.5,14.0,1301.5
1303.800048828125,1291.9000244140625,1302.0,1299.9000244140625,74.0,1299.9000244140625
1295.0999755859375,1283.0,1295.0999755859375,1283.0,173.0,1283.0
1279.9000244140625,1279.9000244140625,1279.9000244140625,1279.9000244140625,571.0,1279.9000244140625
1286.9000244140625,1285.0999755859375,1286.4000244140625,1286.9000244140625,163.0,1286.9000244140625
1279.5999755859375,1277.4000244140625,1279.5999755859375,1277.4000244140625,134.0,1277.4000244140625
1280.800048828125,1271.5,1274.699951171875,1277.699951171875,304.0,1277.699951171875
1275.5,1273.699951171875,1275.5,1275.0,115.0,1275.0
1275.4000244140625,1269.9000244140625,1269.9000244140625,1275.4000244140625,111.0,1275.4000244140625
1273.5,1264.699951171875,1273.5,1266.300048828125,105.0,1266.300048828125
1268.5,1267.0999755859375,1268.4000244140625,1268.5,39.0,1268.5
1274.0999755859375,1267.9000244140625,1270.0,1274.0999755859375,567.0,1274.0999755859375
1274.5999755859375,1266.0999755859375,1273.0999755859375,1267.0,222.0,1267.0
1274.800048828125,1270.300048828125,1272.199951171875,1274.0999755859375,235.0,1274.0999755859375
1274.9000244140625,1274.9000244140625,1274.9000244140625,1274.9000244140625,78.0,1274.9000244140625
1267.9000244140625,1265.300048828125,1265.300048828125,1266.5,70.0,1266.5
1280.5,1269.0,1269.0,1279.4000244140625,75.0,1279.4000244140625
1276.800048828125,1270.4000244140625,1276.800048828125,1273.699951171875,128.0,1273.699951171875
1284.9000244140625,1274.699951171875,1275.9000244140625,1281.5999755859375,11.0,1281.5999755859375
1286.9000244140625,1279.699951171875,1279.699951171875,1285.5999755859375,15.0,1285.5999755859375
1283.5,1272.4000244140625,1283.5,1272.4000244140625,18.0,1272.4000244140625
1277.300048828125,1277.0,1277.300048828125,1277.300048828125,10.0,1277.300048828125
1281.5,1276.9000244140625,1276.9000244140625,1281.5,3.0,1281.5
1284.699951171875,1275.9000244140625,1281.4000244140625,1276.5,4.0,1276.5
1277.5,1277.4000244140625,1277.5,1277.4000244140625,13.0,1277.4000244140625
1295.800048828125,1288.300048828125,1288.300048828125,1295.800048828125,43.0,1295.800048828125
1275.9000244140625,1274.5999755859375,1274.5999755859375,1274.5999755859375,1.0,1274.5999755859375
1281.0999755859375,1281.0999755859375,1281.0999755859375,1281.0999755859375,1.0,1281.0999755859375
1291.5999755859375,1282.9000244140625,1284.699951171875,1291.5999755859375,4.0,1291.5999755859375
1293.800048828125,1293.800048828125,1293.800048828125,1293.800048828125,0.0,1293.800048828125
1294.699951171875,1294.699951171875,1294.699951171875,1294.699951171875,1.0,1294.699951171875
1296.199951171875,1281.0999755859375,1293.4000244140625,1282.0999755859375,275442.0,1282.0999755859375
1284.5,1269.699951171875,1283.0999755859375,1273.199951171875,47244.0,1273.199951171875
1288.5999755859375,1271.0,1274.0999755859375,1278.800048828125,3049.0,1278.800048828125
1276.0999755859375,1270.300048828125,1272.5,1274.300048828125,823.0,1274.300048828125
1275.800048828125,1260.0,1275.4000244140625,1261.5999755859375,850.0,1261.5999755859375
1267.800048828125,1261.5999755859375,1264.9000244140625,1262.800048828125,1499.0,1262.800048828125
1262.4000244140625,1243.9000244140625,1262.300048828125,1249.800048828125,373.0,1249.800048828125
1249.300048828125,1241.5,1246.300048828125,1245.199951171875,358.0,1245.199951171875
1249.199951171875,1239.9000244140625,1248.4000244140625,1243.699951171875,157.0,1243.699951171875
1244.4000244140625,1236.5,1241.300048828125,1238.5,146.0,1238.5
1254.5,1239.800048828125,1241.9000244140625,1245.4000244140625,692.0,1245.4000244140625
1257.699951171875,1250.300048828125,1252.9000244140625,1253.800048828125,349.0,1253.800048828125
1260.300048828125,1253.0999755859375,1253.0999755859375,1254.300048828125,139.0,1254.300048828125
1262.4000244140625,1255.699951171875,1256.199951171875,1262.199951171875,578.0,1262.199951171875
1264.300048828125,1259.5,1261.0999755859375,1260.699951171875,45.0,1260.699951171875
1266.5999755859375,1261.300048828125,1261.300048828125,1266.0999755859375,329.0,1266.0999755859375
1267.4000244140625,1264.300048828125,1266.4000244140625,1267.300048828125,63.0,1267.300048828125
1276.300048828125,1266.300048828125,1266.300048828125,1275.4000244140625,226.0,1275.4000244140625
1284.0999755859375,1281.800048828125,1282.4000244140625,1284.0999755859375,119.0,1284.0999755859375
1287.0,1284.0,1284.0,1287.0,84.0,1287.0
1294.0999755859375,1288.199951171875,1288.199951171875,1294.0999755859375,456.0,1294.0999755859375
1306.300048828125,1294.0,1294.199951171875,1306.300048828125,245.0,1306.300048828125
1317.5999755859375,1302.300048828125,1302.300048828125,1313.699951171875,65.0,1313.699951171875
1320.0999755859375,1312.0999755859375,1320.0,1316.199951171875,68.0,1316.199951171875
1322.0,1319.4000244140625,1319.4000244140625,1319.4000244140625,42.0,1319.4000244140625
1320.300048828125,1320.300048828125,1320.300048828125,1320.300048828125,2.0,1320.300048828125
1319.9000244140625,1314.5999755859375,1319.9000244140625,1318.5999755859375,1.0,1318.5999755859375
1311.699951171875,1309.5999755859375,1309.5999755859375,1311.699951171875,41.0,1311.699951171875
1320.699951171875,1315.300048828125,1320.300048828125,1317.4000244140625,16.0,1317.4000244140625
1320.5999755859375,1316.300048828125,1317.0999755859375,1320.5999755859375,70.0,1320.5999755859375
1338.199951171875,1327.800048828125,1327.800048828125,1333.4000244140625,9.0,1333.4000244140625
1335.4000244140625,1331.0,1331.0999755859375,1335.4000244140625,14.0,1335.4000244140625
1338.0,1326.800048828125,1334.4000244140625,1338.0,13.0,1338.0
1328.9000244140625,1326.0,1328.9000244140625,1326.0,27.0,1326.0
1333.0,1330.0999755859375,1330.0999755859375,1331.9000244140625,211.0,1331.9000244140625
1330.9000244140625,1328.4000244140625,1328.4000244140625,1330.9000244140625,50.0,1330.9000244140625
1335.9000244140625,1335.699951171875,1335.800048828125,1335.699951171875,162.0,1335.699951171875
1357.199951171875,1355.9000244140625,1355.9000244140625,1355.9000244140625,47.0,1355.9000244140625
1362.4000244140625,1346.699951171875,1356.300048828125,1362.4000244140625,18.0,1362.4000244140625
1352.0,1350.9000244140625,1351.5999755859375,1351.5999755859375,4.0,1351.5999755859375
1347.800048828125,1332.800048828125,1338.699951171875,1335.4000244140625,280546.0,1335.4000244140625
1346.9000244140625,1331.800048828125,1337.5,1339.0,52100.0,1339.0
1350.5999755859375,1336.800048828125,1343.800048828125,1344.300048828125,4881.0,1344.300048828125
1352.0999755859375,1327.699951171875,1348.5,1333.699951171875,1680.0,1333.699951171875
1340.199951171875,1329.0,1331.0999755859375,1333.0,2841.0,1333.0
1343.699951171875,1319.5,1338.199951171875,1326.0999755859375,641.0,1326.0999755859375
1331.0999755859375,1310.5,1325.4000244140625,1311.5999755859375,529.0,1311.5999755859375
1321.0999755859375,1307.0,1317.0999755859375,1316.9000244140625,491.0,1316.9000244140625
1322.0,1311.9000244140625,1320.9000244140625,1313.0999755859375,459.0,1313.0999755859375
1325.5,1318.0,1323.800048828125,1324.199951171875,451.0,1324.199951171875
1329.5999755859375,1323.4000244140625,1324.5,1328.0999755859375,140.0,1328.0999755859375
1355.5,1324.0,1332.800048828125,1355.5,71.0,1355.5
1355.9000244140625,1349.699951171875,1352.0,1352.0999755859375,400.0,1352.0999755859375
1361.4000244140625,1344.9000244140625,1354.0,1353.199951171875,111.0,1353.199951171875
1350.199951171875,1328.5,1348.4000244140625,1328.800048828125,110.0,1328.800048828125
1331.5,1324.4000244140625,1326.800048828125,1330.0,283.0,1330.0
1331.4000244140625,1322.0,1322.0,1330.5999755859375,119.0,1330.5999755859375
1332.0999755859375,1327.699951171875,1328.0,1328.199951171875,70.0,1328.199951171875
1340.5,1330.699951171875,1335.0,1330.699951171875,427.0,1330.699951171875
1332.5999755859375,1312.699951171875,1331.699951171875,1315.5,652.0,1315.5
1321.0,1315.4000244140625,1315.4000244140625,1315.5,710.0,1315.5
1318.0999755859375,1301.800048828125,1310.4000244140625,1302.9000244140625,58.0,1302.9000244140625
1323.199951171875,1314.300048828125,1314.300048828125,1321.0999755859375,43.0,1321.0999755859375
1325.9000244140625,1318.0999755859375,1323.5,1318.0999755859375,155.0,1318.0999755859375
1333.5999755859375,1321.4000244140625,1321.5999755859375,1333.5999755859375,18.0,1333.5999755859375
1338.0999755859375,1326.0,1338.0999755859375,1326.0,18.0,1326.0
1326.800048828125,1319.300048828125,1324.800048828125,1319.9000244140625,27.0,1319.9000244140625
1322.4000244140625,1313.0,1316.800048828125,1322.4000244140625,62.0,1322.4000244140625
1319.4000244140625,1319.4000244140625,1319.4000244140625,1319.4000244140625,88.0,1319.4000244140625
1325.9000244140625,1325.300048828125,1325.9000244140625,1325.9000244140625,0.0,1325.9000244140625
1324.4000244140625,1322.199951171875,1322.199951171875,1324.4000244140625,13.0,1324.4000244140625
1316.800048828125,1316.800048828125,1316.800048828125,1316.800048828125,19.0,1316.800048828125
1311.300048828125,1310.0999755859375,1310.0999755859375,1311.300048828125,0.0,1311.300048828125
1316.9000244140625,1307.300048828125,1309.4000244140625,1316.800048828125,34.0,1316.800048828125
1311.0999755859375,1311.0999755859375,1311.0999755859375,1311.0999755859375,6.0,1311.0999755859375
1328.800048828125,1312.4000244140625,1312.4000244140625,1320.699951171875,4.0,1320.699951171875
1326.5999755859375,1326.5999755859375,1326.5999755859375,1326.5999755859375,34.0,1326.5999755859375
1349.300048828125,1343.199951171875,1343.199951171875,1349.300048828125,0.0,1349.300048828125
1354.4000244140625,1345.0999755859375,1348.5,1354.4000244140625,8.0,1354.4000244140625
1341.300048828125,1341.0,1341.0,1341.300048828125,10.0,1341.300048828125
1346.4000244140625,1322.4000244140625,1345.0,1324.199951171875,290889.0,1324.199951171875
1327.0999755859375,1321.699951171875,1324.0,1322.800048828125,59284.0,1322.800048828125
1344.199951171875,1324.699951171875,1327.0,1342.0999755859375,5585.0,1342.0999755859375
1341.5,1328.5,1340.4000244140625,1332.800048828125,649.0,1332.800048828125
1347.300048828125,1331.5999755859375,1331.800048828125,1335.800048828125,702.0,1335.800048828125
1333.699951171875,1322.5999755859375,1333.5,1324.300048828125,718.0,1324.300048828125
1333.0,1319.0,1326.5,1331.9000244140625,258.0,1331.9000244140625
1337.5,1327.0,1333.0,1336.300048828125,348.0,1336.300048828125
1342.0,1333.0,1335.199951171875,1342.0,290.0,1342.0
1365.4000244140625,1340.0999755859375,1340.0999755859375,1356.5,105.0,1356.5
1351.5,1334.5999755859375,1351.199951171875,1338.4000244140625,118.0,1338.4000244140625
1346.0,1335.9000244140625,1335.9000244140625,1344.800048828125,34.0,1344.800048828125
1348.800048828125,1341.0,1341.0,1347.5,67.0,1347.5
1348.0999755859375,1339.0,1348.0,1347.199951171875,60.0,1347.199951171875
1354.199951171875,1343.5,1343.5,1351.199951171875,409.0,1351.199951171875
1355.199951171875,1341.5999755859375,1348.5999755859375,1346.800048828125,45.0,1346.800048828125
1343.4000244140625,1335.300048828125,1342.5,1336.699951171875,387.0,1336.699951171875
1334.4000244140625,1322.5,1334.0,1322.5,310.0,1322.5
1331.699951171875,1326.199951171875,1326.4000244140625,1331.4000244140625,68.0,1331.4000244140625
1325.0,1320.0,1324.0,1321.199951171875,28.0,1321.199951171875
1316.300048828125,1315.699951171875,1315.699951171875,1316.300048828125,278.0,1316.300048828125
1321.699951171875,1312.800048828125,1315.300048828125,1320.300048828125,569.0,1320.300048828125
1316.199951171875,1309.5999755859375,1309.5999755859375,1316.199951171875,622.0,1316.199951171875
1313.800048828125,1303.4000244140625,1313.199951171875,1303.800048828125,49.0,1303.800048828125
1309.300048828125,1302.5999755859375,1309.0,1302.5999755859375,28.0,1302.5999755859375
1310.699951171875,1310.699951171875,1310.699951171875,1310.699951171875,23.0,1310.699951171875
1312.699951171875,1312.699951171875,1312.699951171875,1312.699951171875,4.0,1312.699951171875
1312.5,1310.199951171875,1310.5999755859375,1312.199951171875,0.0,1312.199951171875
1312.0,1308.5,1310.0999755859375,1312.0,4.0,1312.0
1311.300048828125,1311.300048828125,1311.300048828125,1311.300048828125,337.0,1311.300048828125
1320.800048828125,1312.199951171875,1312.199951171875,1320.800048828125,70.0,1320.800048828125
1319.0,1319.0,1319.0,1319.0,8.0,1319.0
1319.9000244140625,1316.5,1319.9000244140625,1316.5,3.0,1316.5
1304.699951171875,1288.9000244140625,1304.5999755859375,1288.9000244140625,4.0,1288.9000244140625
1294.0,1285.4000244140625,1290.9000244140625,1290.199951171875,8.0,1290.199951171875
1291.300048828125,1288.199951171875,1291.300048828125,1288.199951171875,26.0,1288.199951171875
1290.199951171875,1285.199951171875,1285.199951171875,1290.199951171875,2.0,1290.199951171875
1292.0999755859375,1287.4000244140625,1287.4000244140625,1290.199951171875,2.0,1290.199951171875
1291.699951171875,1291.699951171875,1291.699951171875,1291.699951171875,52.0,1291.699951171875
1289.300048828125,1289.300048828125,1289.300048828125,1289.300048828125,50.0,1289.300048828125
1303.699951171875,1303.699951171875,1303.699951171875,1303.699951171875,10.0,1303.699951171875
1303.300048828125,1303.300048828125,1303.300048828125,1303.300048828125,0.0,1303.300048828125
1298.699951171875,1298.699951171875,1298.699951171875,1298.699951171875,1.0,1298.699951171875
1303.699951171875,1295.199951171875,1298.0,1301.5,386334.0,1301.5
1306.800048828125,1296.5999755859375,1301.0,1300.0999755859375,50845.0,1300.0999755859375
1299.5,1288.9000244140625,1298.5999755859375,1294.800048828125,4082.0,1294.800048828125
1297.0999755859375,1290.0,1293.9000244140625,1293.0999755859375,663.0,1293.0999755859375
1299.800048828125,1289.9000244140625,1292.0999755859375,1297.5,144.0,1297.5
1300.4000244140625,1294.0999755859375,1296.0999755859375,1297.0999755859375,357.0,1297.0999755859375
1302.800048828125,1296.199951171875,1298.4000244140625,1298.699951171875,373.0,1298.699951171875
1299.4000244140625,1294.800048828125,1295.300048828125,1298.0999755859375,79.0,1298.0999755859375
1302.0,1295.199951171875,1299.300048828125,1298.9000244140625,650.0,1298.9000244140625
1298.0999755859375,1292.699951171875,1297.800048828125,1295.0999755859375,71.0,1295.0999755859375
1299.4000244140625,1290.9000244140625,1294.0,1296.9000244140625,153.0,1296.9000244140625
1307.699951171875,1297.199951171875,1297.199951171875,1304.0,135.0,1304.0
1307.699951171875,1274.0,1297.199951171875,1274.5999755859375,42.0,1274.5999755859375
1280.699951171875,1276.199951171875,1280.699951171875,1276.199951171875,589.0,1276.199951171875
1281.800048828125,1269.9000244140625,1278.699951171875,1275.5999755859375,35.0,1275.5999755859375
1274.4000244140625,1271.199951171875,1274.4000244140625,1271.199951171875,34.0,1271.199951171875
1268.9000244140625,1260.0,1262.699951171875,1267.199951171875,7.0,1267.199951171875
1270.199951171875,1267.0,1268.0999755859375,1267.4000244140625,46.0,1267.4000244140625
1271.199951171875,1265.5999755859375,1270.5999755859375,1265.5999755859375,74.0,1265.5999755859375
1267.199951171875,1256.5999755859375,1267.199951171875,1256.5999755859375,37.0,1256.5999755859375
1255.5,1252.300048828125,1255.5,1252.800048828125,89.0,1252.800048828125
1251.699951171875,1244.800048828125,1251.699951171875,1247.800048828125,1162.0,1247.800048828125
1253.300048828125,1249.0999755859375,1250.300048828125,1251.300048828125,378.0,1251.300048828125
1249.9000244140625,1239.800048828125,1249.9000244140625,1239.800048828125,48.0,1239.800048828125
1257.300048828125,1253.5999755859375,1255.5,1257.300048828125,36.0,1257.300048828125
1255.5,1254.300048828125,1255.5,1254.300048828125,9.0,1254.300048828125
1262.300048828125,1257.699951171875,1258.199951171875,1258.0999755859375,7.0,1258.0999755859375
1256.9000244140625,1249.300048828125,1256.199951171875,1253.800048828125,37.0,1253.800048828125
1253.199951171875,1242.800048828125,1253.199951171875,1242.800048828125,65.0,1242.800048828125
1246.699951171875,1240.9000244140625,1240.9000244140625,1245.0,30.0,1245.0
1247.0,1239.5999755859375,1244.699951171875,1239.5999755859375,7.0,1239.5999755859375
1243.800048828125,1238.0999755859375,1242.699951171875,1238.0999755859375,2.0,1238.0999755859375
1225.699951171875,1225.699951171875,1225.699951171875,1225.699951171875,2.0,1225.699951171875
1226.699951171875,1222.199951171875,1226.699951171875,1226.300048828125,0.0,1226.300048828125
1228.0,1211.699951171875,1227.199951171875,1222.4000244140625,67.0,1222.4000244140625
1229.5,1229.5,1229.5,1229.5,33.0,1229.5
1224.0,1222.0,1222.0,1224.0,0.0,1224.0
1223.9000244140625,1223.9000244140625,1223.9000244140625,1223.9000244140625,1.0,1223.9000244140625
1231.4000244140625,1231.4000244140625,1231.4000244140625,1231.4000244140625,0.0,1231.4000244140625
1227.800048828125,1225.300048828125,1227.800048828125,1225.300048828125,0.0,1225.300048828125
1222.5999755859375,1222.5999755859375,1222.5999755859375,1222.5999755859375,1.0,1222.5999755859375
1223.9000244140625,1218.0999755859375,1222.5,1221.300048828125,254428.0,1221.300048828125
1228.0999755859375,1213.0,1220.4000244140625,1223.699951171875,62239.0,1223.699951171875
1223.699951171875,1214.4000244140625,1222.9000244140625,1217.9000244140625,2722.0,1217.9000244140625
1219.300048828125,1205.800048828125,1214.699951171875,1210.5999755859375,1026.0,1210.5999755859375
1218.5999755859375,1205.0999755859375,1206.5,1214.199951171875,411.0,1214.199951171875
1214.4000244140625,1206.5999755859375,1214.4000244140625,1208.5999755859375,784.0,1208.5999755859375
1214.800048828125,1207.800048828125,1207.800048828125,1209.5999755859375,297.0,1209.5999755859375
1215.199951171875,1205.9000244140625,1212.0,1212.5999755859375,715.0,1212.5999755859375
1215.300048828125,1211.5999755859375,1214.5,1211.9000244140625,209.0,1211.9000244140625
1216.4000244140625,1205.5999755859375,1212.5,1211.0999755859375,44.0,1211.0999755859375
1207.4000244140625,1191.300048828125,1207.0,1191.300048828125,75.0,1191.300048828125
1197.5,1192.800048828125,1193.0999755859375,1193.0,78.0,1193.0
1188.0999755859375,1174.5999755859375,1187.800048828125,1177.5,92.0,1177.5
1180.199951171875,1161.4000244140625,1173.199951171875,1176.199951171875,71.0,1176.199951171875
1181.199951171875,1174.699951171875,1174.699951171875,1176.5,123.0,1176.5
1190.0,1184.4000244140625,1184.800048828125,1186.800048828125,66.0,1186.800048828125
1192.5999755859375,1189.800048828125,1189.800048828125,1192.5999755859375,68.0,1192.5999755859375
1196.300048828125,1194.699951171875,1194.699951171875,1196.300048828125,22.0,1196.300048828125
1190.300048828125,1184.9000244140625,1189.300048828125,1187.0,17.0,1187.0
1208.0,1185.300048828125,1185.300048828125,1206.300048828125,95.0,1206.300048828125
1211.4000244140625,1205.199951171875,1210.300048828125,1209.0,12.0,1209.0
1217.0,1202.300048828125,1209.699951171875,1207.4000244140625,154.0,1207.4000244140625
1205.199951171875,1202.4000244140625,1205.199951171875,1204.5,136.0,1204.5
1205.5999755859375,1196.0,1205.4000244140625,1197.699951171875,817.0,1197.699951171875
1208.199951171875,1199.0999755859375,1207.0999755859375,1200.300048828125,493.0,1200.300048828125
1193.800048828125,1189.9000244140625,1193.800048828125,1192.699951171875,191.0,1192.699951171875
1196.0,1192.5,1192.5,1194.9000244140625,26.0,1194.9000244140625
1202.0,1197.9000244140625,1202.0,1197.9000244140625,21.0,1197.9000244140625
1198.300048828125,1193.0999755859375,1198.300048828125,1193.5999755859375,7.0,1193.5999755859375
1193.0,1193.0,1193.0,1193.0,29.0,1193.0
1196.300048828125,1190.4000244140625,1190.4000244140625,1195.4000244140625,11.0,1195.4000244140625
1205.0,1204.699951171875,1205.0,1204.699951171875,21.0,1204.699951171875
1203.4000244140625,1200.0,1203.4000244140625,1202.0,37.0,1202.0
1195.0,1195.0,1195.0,1195.0,22.0,1195.0
1199.699951171875,1199.699951171875,1199.699951171875,1199.699951171875,1.0,1199.699951171875
1198.699951171875,1196.800048828125,1198.699951171875,1196.800048828125,0.0,1196.800048828125
1202.199951171875,1202.199951171875,1202.199951171875,1202.199951171875,2.0,1202.199951171875
1206.199951171875,1206.199951171875,1206.199951171875,1206.199951171875,0.0,1206.199951171875
1196.199951171875,1196.199951171875,1196.199951171875,1196.199951171875,0.0,1196.199951171875
1199.300048828125,1199.300048828125,1199.300048828125,1199.300048828125,0.0,1199.300048828125
1202.800048828125,1200.0,1202.0999755859375,1200.0,0.0,1200.0
1194.0,1194.0,1194.0,1194.0,21.0,1194.0
1197.300048828125,1180.5,1194.5999755859375,1182.300048828125,17857.0,1182.300048828125
1191.9000244140625,1180.0,1181.699951171875,1191.5,4947.0,1191.5
1191.5999755859375,1185.800048828125,1191.5999755859375,1187.0999755859375,404.0,1187.0999755859375
1206.0,1190.300048828125,1193.0,1202.4000244140625,180.0,1202.4000244140625
1202.5999755859375,1196.5999755859375,1202.5999755859375,1198.300048828125,451.0,1198.300048828125
1204.5999755859375,1197.199951171875,1199.300048828125,1197.199951171875,76.0,1197.199951171875
1205.300048828125,1196.9000244140625,1197.0999755859375,1201.199951171875,496.0,1201.199951171875
1201.0,1183.699951171875,1201.0,1184.4000244140625,34.0,1184.4000244140625
1189.0999755859375,1185.5999755859375,1185.5999755859375,1187.199951171875,250.0,1187.199951171875
1192.0,1189.300048828125,1189.300048828125,1189.300048828125,9.0,1189.300048828125
1224.5999755859375,1196.300048828125,1198.0999755859375,1223.5,1078.0,1223.5
1221.5999755859375,1216.0,1221.5999755859375,1218.0999755859375,126.0,1218.0999755859375
1232.300048828125,1222.4000244140625,1222.4000244140625,1226.4000244140625,122.0,1226.4000244140625
1230.5,1227.0999755859375,1227.0999755859375,1227.300048828125,136.0,1227.300048828125
1225.9000244140625,1223.699951171875,1225.9000244140625,1223.699951171875,426.0,1223.699951171875
1226.5,1226.5,1226.5,1226.5,1.0,1226.5
1225.300048828125,1225.300048828125,1225.300048828125,1225.300048828125,165.0,1225.300048828125
1224.5,1219.5999755859375,1224.5,1221.199951171875,55.0,1221.199951171875
1237.800048828125,1224.800048828125,1224.800048828125,1233.4000244140625,18.0,1233.4000244140625
1231.5999755859375,1227.800048828125,1231.5999755859375,1227.800048828125,33.0,1227.800048828125
1238.5999755859375,1229.0999755859375,1238.5999755859375,1229.0999755859375,36.0,1229.0999755859375
1234.800048828125,1232.5,1234.300048828125,1232.5,7.0,1232.5
1224.5,1224.5,1224.5,1224.5,20.0,1224.5
1227.699951171875,1219.800048828125,1227.699951171875,1222.5999755859375,214.0,1222.5999755859375
1216.5999755859375,1212.0,1216.0,1212.300048828125,72.0,1212.300048828125
1236.0,1215.4000244140625,1215.4000244140625,1236.0,121.0,1236.0
1233.300048828125,1230.9000244140625,1233.300048828125,1230.9000244140625,14.0,1230.9000244140625
1231.5,1226.699951171875,1230.5999755859375,1229.800048828125,18.0,1229.800048828125
1233.800048828125,1223.800048828125,1230.699951171875,1223.800048828125,15.0,1223.800048828125
1228.5999755859375,1226.199951171875,1228.5999755859375,1226.199951171875,4.0,1226.199951171875
1222.9000244140625,1222.9000244140625,1222.9000244140625,1222.9000244140625,1.0,1222.9000244140625
1207.9000244140625,1206.4000244140625,1207.9000244140625,1206.4000244140625,2.0,1206.4000244140625
1201.5999755859375,1201.300048828125,1201.5999755859375,1201.300048828125,14.0,1201.300048828125
1201.300048828125,1196.300048828125,1196.300048828125,1199.199951171875,1.0,1199.199951171875
1207.9000244140625,1207.9000244140625,1207.9000244140625,1207.9000244140625,5.0,1207.9000244140625
1212.800048828125,1212.800048828125,1212.800048828125,1212.800048828125,0.0,1212.800048828125
1223.800048828125,1216.699951171875,1216.699951171875,1220.800048828125,0.0,1220.800048828125
1223.0999755859375,1223.0999755859375,1223.0999755859375,1223.0999755859375,5.0,1223.0999755859375
1228.800048828125,1219.0,1225.300048828125,1219.0,0.0,1219.0
1225.800048828125,1225.800048828125,1225.800048828125,1225.800048828125,12.0,1225.800048828125
1222.0,1220.199951171875,1220.199951171875,1220.199951171875,1.0,1220.199951171875
1222.0,1211.199951171875,1221.9000244140625,1211.199951171875,2.0,1211.199951171875
1221.4000244140625,1211.5,1211.5,1221.4000244140625,5.0,1221.4000244140625
1228.699951171875,1220.5,1221.0,1224.0999755859375,247168.0,1224.0999755859375
1225.0,1216.0999755859375,1224.0999755859375,1220.199951171875,55478.0,1220.199951171875
1234.0999755859375,1221.300048828125,1222.5,1233.9000244140625,2060.0,1233.9000244140625
1241.4000244140625,1230.4000244140625,1231.0,1241.0999755859375,751.0,1241.0999755859375
1244.4000244140625,1234.800048828125,1237.5,1238.0999755859375,125.0,1238.0999755859375
1249.800048828125,1237.5999755859375,1238.300048828125,1246.800048828125,434.0,1246.800048828125
1249.5999755859375,1241.699951171875,1249.5999755859375,1243.699951171875,211.0,1243.699951171875
1248.699951171875,1241.5,1245.800048828125,1241.9000244140625,131.0,1241.9000244140625
1245.5999755859375,1244.0999755859375,1245.300048828125,1244.4000244140625,117.0,1244.4000244140625
1243.5,1241.0,1243.5,1242.699951171875,84.0,1242.699951171875
1241.699951171875,1234.0999755859375,1241.699951171875,1237.0,194.0,1237.0
1247.4000244140625,1239.300048828125,1239.300048828125,1247.4000244140625,33.0,1247.4000244140625
1249.199951171875,1245.5999755859375,1248.199951171875,1249.199951171875,10.0,1249.199951171875
1255.800048828125,1252.0999755859375,1255.800048828125,1252.0999755859375,31.0,1252.0999755859375
1263.5999755859375,1243.199951171875,1243.199951171875,1263.5999755859375,268.0,1263.5999755859375
1261.300048828125,1253.800048828125,1260.300048828125,1253.800048828125,49.0,1253.800048828125
1277.4000244140625,1269.199951171875,1269.300048828125,1269.199951171875,27.0,1269.199951171875
1277.300048828125,1276.699951171875,1276.699951171875,1277.300048828125,63.0,1277.300048828125
1280.0999755859375,1273.5,1273.5,1279.9000244140625,480.0,1279.9000244140625
1281.300048828125,1277.5999755859375,1278.0,1278.300048828125,805.0,1278.300048828125
1286.0,1277.5999755859375,1286.0,1281.0,19.0,1281.0
1292.0,1286.699951171875,1286.800048828125,1291.800048828125,149.0,1291.800048828125
1294.199951171875,1275.300048828125,1294.199951171875,1282.699951171875,10.0,1282.699951171875
1286.800048828125,1286.5999755859375,1286.800048828125,1286.800048828125,34.0,1286.800048828125
1283.199951171875,1278.199951171875,1280.5,1283.199951171875,2.0,1283.199951171875
1289.300048828125,1279.199951171875,1279.4000244140625,1289.300048828125,54.0,1289.300048828125
1284.699951171875,1284.699951171875,1284.699951171875,1284.699951171875,102.0,1284.699951171875
1291.199951171875,1286.300048828125,1291.199951171875,1287.0999755859375,0.0,1287.0999755859375
1293.9000244140625,1289.0999755859375,1292.4000244140625,1289.0999755859375,11.0,1289.0999755859375
1292.699951171875,1286.199951171875,1290.0999755859375,1286.199951171875,7.0,1286.199951171875
1291.5999755859375,1291.5999755859375,1291.5999755859375,1291.5999755859375,3.0,1291.5999755859375
1292.699951171875,1288.5,1291.5999755859375,1291.0,2.0,1291.0
1281.300048828125,1281.300048828125,1281.300048828125,1281.300048828125,10.0,1281.300048828125
1283.300048828125,1282.5,1282.5,1282.5,3.0,1282.5
1283.9000244140625,1278.699951171875,1281.699951171875,1283.0999755859375,7.0,1283.0999755859375
1279.0999755859375,1278.5,1279.0999755859375,1279.0999755859375,14.0,1279.0999755859375
1297.4000244140625,1297.4000244140625,1297.4000244140625,1297.4000244140625,1.0,1297.4000244140625
1307.0999755859375,1298.4000244140625,1300.800048828125,1302.4000244140625,0.0,1302.4000244140625
1308.199951171875,1308.199951171875,1308.199951171875,1308.199951171875,54.0,1308.199951171875
1323.4000244140625,1308.0999755859375,1310.4000244140625,1309.9000244140625,213607.0,1309.9000244140625
1325.4000244140625,1316.699951171875,1320.0,1319.699951171875,54958.0,1319.699951171875
1320.699951171875,1315.4000244140625,1320.300048828125,1316.9000244140625,1970.0,1316.9000244140625
1318.0999755859375,1308.300048828125,1318.0999755859375,1314.300048828125,878.0,1314.300048828125
1315.0999755859375,1311.0,1311.0999755859375,1314.199951171875,675.0,1314.199951171875
1313.5,1305.0,1312.5,1309.5,362.0,1309.5
1310.4000244140625,1302.199951171875,1302.9000244140625,1309.4000244140625,358.0,1309.4000244140625
1314.0,1307.800048828125,1309.5,1313.699951171875,203.0,1313.699951171875
1313.4000244140625,1304.699951171875,1313.4000244140625,1307.0,122.0,1307.0
1312.0,1307.5999755859375,1310.0,1309.199951171875,119.0,1309.199951171875
1316.0,1308.0999755859375,1311.5999755859375,1310.800048828125,109.0,1310.800048828125
1311.800048828125,1301.5999755859375,1305.0,1309.800048828125,143.0,1309.800048828125
1318.800048828125,1313.5999755859375,1313.5999755859375,1318.0999755859375,858.0,1318.0999755859375
1340.0999755859375,1320.5,1320.9000244140625,1340.0999755859375,190.0,1340.0999755859375
1344.0,1338.0,1342.199951171875,1343.300048828125,390.0,1343.300048828125
1334.9000244140625,1320.9000244140625,1331.300048828125,1323.5,581.0,1323.5
1331.300048828125,1321.0,1324.199951171875,1329.199951171875,414.0,1329.199951171875
1331.5999755859375,1325.5999755859375,1329.199951171875,1325.9000244140625,718.0,1325.9000244140625
1325.5,1323.300048828125,1323.300048828125,1325.0999755859375,185.0,1325.0999755859375
1327.9000244140625,1316.5,1327.699951171875,1317.699951171875,939.0,1317.699951171875
1323.699951171875,1311.5,1321.0999755859375,1312.800048828125,604.0,1312.800048828125
1312.199951171875,1288.9000244140625,1312.199951171875,1296.4000244140625,141.0,1296.4000244140625
1287.0,1281.9000244140625,1285.5,1284.800048828125,110.0,1284.800048828125
1287.0,1282.0,1287.0,1282.0,28.0,1282.0
1287.0999755859375,1282.5999755859375,1287.0999755859375,1284.9000244140625,114.0,1284.9000244140625
1284.5999755859375,1281.0,1281.0,1283.800048828125,14.0,1283.800048828125
1297.4000244140625,1291.5999755859375,1292.0999755859375,1297.0,11.0,1297.0
1291.0,1288.800048828125,1291.0,1288.800048828125,10.0,1288.800048828125
1296.300048828125,1294.699951171875,1294.699951171875,1296.300048828125,9.0,1296.300048828125
1307.5,1307.5,1307.5,1307.5,1.0,1307.5
1293.4000244140625,1293.4000244140625,1293.4000244140625,1293.4000244140625,0.0,1293.4000244140625
1304.699951171875,1300.5,1300.9000244140625,1301.800048828125,1.0,1301.800048828125
1302.199951171875,1297.300048828125,1297.300048828125,1300.300048828125,26.0,1300.300048828125
1306.9000244140625,1304.800048828125,1306.9000244140625,1305.0,8.0,1305.0
1300.699951171875,1300.5,1300.699951171875,1300.5,20.0,1300.5
1306.0999755859375,1306.0999755859375,1306.0999755859375,1306.0999755859375,2.0,1306.0999755859375
1311.5999755859375,1311.5999755859375,1311.5999755859375,1311.5999755859375,0.0,1311.5999755859375
1322.9000244140625,1320.699951171875,1320.699951171875,1321.9000244140625,0.0,1321.9000244140625
1315.5999755859375,1314.300048828125,1315.5999755859375,1314.300048828125,19.0,1314.300048828125
1309.9000244140625,1309.9000244140625,1309.9000244140625,1309.9000244140625,1.0,1309.9000244140625
1311.0999755859375,1287.699951171875,1308.4000244140625,1289.800048828125,206263.0,1289.800048828125
1298.5,1286.0999755859375,1289.5999755859375,1293.0,87798.0,1293.0
1295.9000244140625,1285.699951171875,1291.800048828125,1288.4000244140625,1265.0,1288.4000244140625
1290.9000244140625,1284.5,1286.300048828125,1290.0,675.0,1290.0
1293.0999755859375,1287.5,1291.4000244140625,1289.9000244140625,525.0,1289.9000244140625
1292.5999755859375,1279.5,1290.5999755859375,1289.0,172.0,1289.0
1292.0,1283.5999755859375,1292.0,1290.4000244140625,269.0,1290.4000244140625
1302.0999755859375,1291.800048828125,1292.199951171875,1297.0999755859375,181.0,1297.0999755859375
1304.9000244140625,1298.5,1298.5,1303.5,63.0,1303.5
1309.0999755859375,1301.5,1304.0,1309.0999755859375,30.0,1309.0999755859375
1307.0999755859375,1288.5999755859375,1307.0,1288.5999755859375,66.0,1288.5999755859375
1293.4000244140625,1289.199951171875,1293.4000244140625,1290.5999755859375,420.0,1290.5999755859375
1287.300048828125,1282.300048828125,1284.800048828125,1286.800048828125,607.0,1286.800048828125
1285.199951171875,1272.199951171875,1285.199951171875,1272.5999755859375,523.0,1272.5999755859375
1273.5,1271.5999755859375,1273.5,1272.199951171875,643.0,1272.199951171875
1273.5999755859375,1270.0999755859375,1270.800048828125,1271.9000244140625,308.0,1271.9000244140625
1273.5,1273.5,1273.5,1273.5,27.0,1273.5
1269.800048828125,1266.0,1266.4000244140625,1269.300048828125,147.0,1269.300048828125
1275.5,1267.800048828125,1268.4000244140625,1275.5,206.0,1275.5
1280.800048828125,1275.800048828125,1280.5999755859375,1275.800048828125,518.0,1275.800048828125
1284.9000244140625,1284.9000244140625,1284.9000244140625,1284.9000244140625,95.0,1284.9000244140625
1284.9000244140625,1277.0999755859375,1284.800048828125,1278.5999755859375,804.0,1278.5999755859375
1283.300048828125,1280.800048828125,1281.699951171875,1282.800048828125,568.0,1282.800048828125
1283.300048828125,1278.699951171875,1278.699951171875,1281.4000244140625,114.0,1281.4000244140625
1270.800048828125,1266.5999755859375,1269.199951171875,1269.699951171875,70.0,1269.699951171875
1279.199951171875,1270.0999755859375,1270.0999755859375,1279.199951171875,63.0,1279.199951171875
1282.199951171875,1280.300048828125,1282.199951171875,1281.699951171875,15.0,1281.699951171875
1283.5,1280.5,1280.5,1283.5,12.0,1283.5
1279.4000244140625,1279.4000244140625,1279.4000244140625,1279.4000244140625,8.0,1279.4000244140625
1285.0,1278.800048828125,1278.9000244140625,1283.5,5.0,1283.5
1286.5,1283.300048828125,1285.4000244140625,1285.699951171875,38.0,1285.699951171875
1300.0999755859375,1281.800048828125,1286.699951171875,1300.0999755859375,6.0,1300.0999755859375
1297.800048828125,1294.699951171875,1297.800048828125,1294.699951171875,56.0,1294.699951171875
1296.9000244140625,1296.0,1296.9000244140625,1296.300048828125,6.0,1296.300048828125
1285.4000244140625,1285.0,1285.199951171875,1285.0,55.0,1285.0
1280.0,1274.5,1280.0,1274.5,3.0,1274.5
1276.0999755859375,1276.0999755859375,1276.0999755859375,1276.0999755859375,1.0,1276.0999755859375
1272.0,1272.0,1272.0,1272.0,20.0,1272.0
1273.5999755859375,1273.5999755859375,1273.5999755859375,1273.5999755859375,0.0,1273.5999755859375
1284.800048828125,1284.800048828125,1284.800048828125,1284.800048828125,0.0,1284.800048828125
1283.0,1283.0,1283.0,1283.0,0.0,1283.0
1276.5,1276.5,1276.5,1276.5,9.0,1276.5
1280.5999755859375,1280.5999755859375,1280.5999755859375,1280.5999755859375,0.0,1280.5999755859375
1288.300048828125,1273.9000244140625,1279.4000244140625,1287.0999755859375,189694.0,1287.0999755859375
1306.4000244140625,1287.5,1287.699951171875,1305.800048828125,55573.0,1305.800048828125
1327.800048828125,1307.0,1307.0,1322.699951171875,2814.0,1322.699951171875
1328.5999755859375,1320.800048828125,1324.300048828125,1323.4000244140625,812.0,1323.4000244140625
1343.300048828125,1326.300048828125,1328.9000244140625,1328.300048828125,302.0,1328.300048828125
1338.699951171875,1326.199951171875,1330.800048828125,1337.5999755859375,622.0,1337.5999755859375
1347.699951171875,1329.800048828125,1333.0999755859375,1341.199951171875,161.0,1341.199951171875
1336.5,1324.0999755859375,1335.800048828125,1324.699951171875,240.0,1324.699951171875
1328.4000244140625,1319.0999755859375,1328.4000244140625,1326.4000244140625,268.0,1326.4000244140625
1334.5,1326.9000244140625,1326.9000244140625,1331.9000244140625,201.0,1331.9000244140625
1341.0999755859375,1331.5999755859375,1331.5999755859375,1339.199951171875,139.0,1339.199951171875
1355.4000244140625,1339.300048828125,1345.4000244140625,1340.0999755859375,157.0,1340.0999755859375
1340.300048828125,1335.0,1339.0,1338.699951171875,914.0,1338.699951171875
1349.300048828125,1341.5999755859375,1349.300048828125,1346.5999755859375,76.0,1346.5999755859375
1344.5999755859375,1344.0,1344.0,1344.5999755859375,29.0,1344.5999755859375
1392.9000244140625,1379.5,1381.5,1392.9000244140625,129.0,1392.9000244140625
1406.0,1390.300048828125,1406.0,1396.199951171875,76.0,1396.199951171875
1420.5999755859375,1402.0999755859375,1406.0,1414.300048828125,35.0,1414.300048828125
1433.300048828125,1414.9000244140625,1418.0999755859375,1414.9000244140625,125.0,1414.9000244140625
1413.300048828125,1405.800048828125,1407.199951171875,1411.5999755859375,105.0,1411.5999755859375
1410.800048828125,1399.800048828125,1407.0,1408.4000244140625,1333.0,1408.4000244140625
1422.0,1408.300048828125,1408.300048828125,1409.699951171875,437.0,1409.699951171875
1395.800048828125,1382.800048828125,1386.5999755859375,1385.5999755859375,356.0,1385.5999755859375
1418.4000244140625,1390.800048828125,1391.0999755859375,1404.5999755859375,214.0,1404.5999755859375
1418.300048828125,1390.199951171875,1418.300048828125,1396.699951171875,46.0,1396.699951171875
1397.0,1393.5999755859375,1395.9000244140625,1397.0,20.0,1397.0
1397.5,1386.199951171875,1394.5,1397.5,14.0,1397.5
1410.0999755859375,1409.9000244140625,1409.9000244140625,1410.0999755859375,53.0,1410.0999755859375
1424.0,1404.300048828125,1424.0,1404.300048828125,50.0,1404.300048828125
1410.0999755859375,1405.5999755859375,1405.5999755859375,1409.9000244140625,6.0,1409.9000244140625
1415.0,1411.4000244140625,1414.4000244140625,1411.4000244140625,8.0,1411.4000244140625
1413.699951171875,1405.0,1413.5999755859375,1409.199951171875,25.0,1409.199951171875
1421.300048828125,1404.5999755859375,1404.5999755859375,1421.300048828125,13.0,1421.300048828125
1444.199951171875,1419.5,1422.300048828125,1426.0999755859375,6.0,1426.0999755859375
1442.0,1425.0999755859375,1440.5,1425.0999755859375,66.0,1425.0999755859375
1425.300048828125,1424.0,1425.300048828125,1425.300048828125,22.0,1425.300048828125
1421.300048828125,1416.300048828125,1418.5999755859375,1420.0999755859375,1.0,1420.0999755859375
1422.800048828125,1422.800048828125,1422.800048828125,1422.800048828125,5.0,1422.800048828125
1413.9000244140625,1413.9000244140625,1413.9000244140625,1413.9000244140625,20.0,1413.9000244140625
1423.0,1418.5,1422.800048828125,1418.5,4.0,1418.5
1419.5999755859375,1419.5999755859375,1419.5999755859375,1419.5999755859375,5.0,1419.5999755859375
1433.9000244140625,1422.0999755859375,1426.300048828125,1429.699951171875,224267.0,1429.699951171875
1435.800048828125,1411.199951171875,1431.300048828125,1426.0999755859375,73874.0,1426.0999755859375
1445.199951171875,1400.9000244140625,1411.300048828125,1420.9000244140625,3294.0,1420.9000244140625
1448.0,1432.300048828125,1448.0,1445.5999755859375,2431.0,1445.5999755859375
1469.699951171875,1440.4000244140625,1440.4000244140625,1464.5999755859375,1873.0,1464.5999755859375
1475.0,1457.699951171875,1469.699951171875,1472.4000244140625,1008.0,1472.4000244140625
1509.9000244140625,1473.199951171875,1473.5,1507.300048828125,460.0,1507.300048828125
1508.5,1492.0,1498.4000244140625,1497.699951171875,824.0,1497.699951171875
1507.5,1495.5999755859375,1506.199951171875,1496.5999755859375,367.0,1496.5999755859375
1514.9000244140625,1488.0999755859375,1496.0,1505.300048828125,74.0,1505.300048828125
1531.4000244140625,1483.699951171875,1510.4000244140625,1502.199951171875,257.0,1502.199951171875
1520.5,1497.0,1500.0,1515.9000244140625,672.0,1515.9000244140625
1522.699951171875,1510.5999755859375,1519.800048828125,1519.5999755859375,328.0,1519.5999755859375
1524.5999755859375,1504.699951171875,1524.5999755859375,1512.5,87.0,1512.5
1507.5999755859375,1492.9000244140625,1507.199951171875,1500.4000244140625,1815.0,1500.4000244140625
1506.0999755859375,1497.5,1497.5,1504.5999755859375,205.0,1504.5999755859375
1505.0,1498.800048828125,1504.9000244140625,1504.5999755859375,486.0,1504.5999755859375
1497.300048828125,1493.800048828125,1495.0999755859375,1497.300048828125,350.0,1497.300048828125
1527.5999755859375,1493.5,1493.5,1526.5999755859375,686.0,1526.5999755859375
1543.300048828125,1524.300048828125,1543.199951171875,1526.300048828125,983.0,1526.300048828125
1542.0999755859375,1528.5,1530.5,1541.0,334.0,1541.0
1538.0999755859375,1537.800048828125,1538.0999755859375,1537.800048828125,166.0,1537.800048828125
1549.300048828125,1519.5999755859375,1537.5,1526.5,2756.0,1526.5
1530.4000244140625,1516.699951171875,1524.5999755859375,1519.0999755859375,704.0,1519.0999755859375
1547.300048828125,1521.0,1522.9000244140625,1545.9000244140625,276.0,1545.9000244140625
1553.199951171875,1534.800048828125,1549.0,1550.300048828125,139.0,1550.300048828125
1551.0999755859375,1511.0999755859375,1551.0,1515.4000244140625,46.0,1515.4000244140625
1526.0,1504.5,1517.300048828125,1506.199951171875,125.0,1506.199951171875
1513.0,1498.0,1509.0,1502.199951171875,54.0,1502.199951171875
1498.5,1486.9000244140625,1498.5,1490.300048828125,69.0,1490.300048828125
1496.5999755859375,1490.199951171875,1491.699951171875,1494.4000244140625,23.0,1494.4000244140625
1515.4000244140625,1498.699951171875,1499.5,1498.699951171875,8.0,1498.699951171875
1490.9000244140625,1486.9000244140625,1490.9000244140625,1490.9000244140625,27.0,1490.9000244140625
1506.800048828125,1496.9000244140625,1506.5999755859375,1503.0999755859375,1.0,1503.0999755859375
1505.0999755859375,1497.9000244140625,1497.9000244140625,1505.0999755859375,21.0,1505.0999755859375
1509.4000244140625,1489.300048828125,1508.9000244140625,1507.5,3.0,1507.5
1502.4000244140625,1496.0999755859375,1496.0999755859375,1498.4000244140625,8.0,1498.4000244140625
1507.300048828125,1503.0,1503.0,1507.300048828125,10.0,1507.300048828125
1523.699951171875,1515.5,1515.5,1523.699951171875,2.0,1523.699951171875
1533.0,1515.0999755859375,1515.0999755859375,1532.0999755859375,5.0,1532.0999755859375
1527.9000244140625,1504.5999755859375,1527.5999755859375,1504.5999755859375,25.0,1504.5999755859375
1507.5,1507.5,1507.5,1507.5,25.0,1507.5
1506.0999755859375,1485.5999755859375,1504.199951171875,1499.0999755859375,8178.0,1499.0999755859375
1495.9000244140625,1463.5,1495.9000244140625,1465.699951171875,7827.0,1465.699951171875
1485.5,1458.300048828125,1468.699951171875,1482.0,1078.0,1482.0
1503.699951171875,1474.0999755859375,1476.5999755859375,1501.0,219.0,1501.0
1518.199951171875,1496.5999755859375,1497.4000244140625,1507.0999755859375,205.0,1507.0999755859375
1508.699951171875,1497.0999755859375,1505.5999755859375,1506.199951171875,1213.0,1506.199951171875
1505.800048828125,1489.0999755859375,1504.800048828125,1497.699951171875,233.0,1497.699951171875
1506.300048828125,1489.300048828125,1489.4000244140625,1497.199951171875,121.0,1497.199951171875
1507.699951171875,1498.4000244140625,1507.699951171875,1506.0999755859375,46.0,1506.0999755859375
1511.199951171875,1490.5999755859375,1511.199951171875,1494.800048828125,120.0,1494.800048828125
1494.9000244140625,1476.9000244140625,1491.9000244140625,1482.699951171875,78.0,1482.699951171875
1493.5,1481.300048828125,1484.4000244140625,1491.699951171875,57.0,1491.699951171875
1495.4000244140625,1476.5999755859375,1488.9000244140625,1477.5999755859375,400.0,1477.5999755859375
1488.0,1480.0,1482.0,1488.0,367.0,1488.0
1493.199951171875,1485.800048828125,1486.199951171875,1492.300048828125,383.0,1492.300048828125
1489.0999755859375,1486.5999755859375,1487.300048828125,1488.199951171875,271.0,1488.199951171875
1489.9000244140625,1481.5,1489.9000244140625,1482.4000244140625,82.0,1482.4000244140625
1483.5,1481.699951171875,1483.4000244140625,1481.699951171875,72.0,1481.699951171875
1490.300048828125,1486.4000244140625,1486.4000244140625,1489.9000244140625,99.0,1489.9000244140625
1501.199951171875,1485.9000244140625,1490.5,1498.9000244140625,67.0,1498.9000244140625
1514.300048828125,1499.0,1501.4000244140625,1499.5,115.0,1499.5
1504.0999755859375,1490.0,1504.0999755859375,1490.0,93.0,1490.0
1487.0,1485.9000244140625,1485.9000244140625,1487.0,37.0,1487.0
1495.4000244140625,1481.0,1487.199951171875,1493.199951171875,425.0,1493.199951171875
1513.0999755859375,1496.0999755859375,1496.0999755859375,1511.4000244140625,320.0,1511.4000244140625
1511.5999755859375,1503.0,1511.0,1508.0,210.0,1508.0
1511.5999755859375,1508.0,1511.5999755859375,1508.0,235.0,1508.0
1507.0999755859375,1480.800048828125,1507.0999755859375,1480.800048828125,101.0,1480.800048828125
1491.0,1483.199951171875,1483.199951171875,1490.199951171875,31.0,1490.199951171875
1489.0999755859375,1464.199951171875,1489.0999755859375,1464.199951171875,567.0,1464.199951171875
1469.0999755859375,1461.300048828125,1469.0999755859375,1461.300048828125,581.0,1461.300048828125
1461.0,1449.300048828125,1461.0,1455.5,21.0,1455.5
1454.9000244140625,1447.0999755859375,1454.9000244140625,1452.0999755859375,22.0,1452.0999755859375
1463.300048828125,1456.800048828125,1456.800048828125,1461.699951171875,6.0,1461.699951171875
1471.800048828125,1463.699951171875,1463.800048828125,1471.800048828125,56.0,1471.800048828125
1469.0999755859375,1467.300048828125,1469.0999755859375,1467.300048828125,83.0,1467.300048828125
1472.0,1469.699951171875,1472.0,1470.9000244140625,13.0,1470.9000244140625
1474.300048828125,1467.699951171875,1467.699951171875,1473.300048828125,141.0,1473.300048828125
1474.5,1467.300048828125,1472.5999755859375,1473.300048828125,18.0,1473.300048828125
1463.0999755859375,1463.0999755859375,1463.0999755859375,1463.0999755859375,31.0,1463.0999755859375
1468.5999755859375,1463.0999755859375,1468.5999755859375,1463.0999755859375,16.0,1463.0999755859375
1457.0999755859375,1455.5,1457.0999755859375,1456.5999755859375,19.0,1456.5999755859375
1459.800048828125,1459.800048828125,1459.800048828125,1459.800048828125,14.0,1459.800048828125
1461.9000244140625,1452.0,1461.0999755859375,1453.4000244140625,346362.0,1453.4000244140625
1464.4000244140625,1453.300048828125,1462.800048828125,1462.300048828125,7020.0,1462.300048828125
1480.4000244140625,1459.5,1461.5999755859375,1478.199951171875,2172.0,1478.199951171875
1483.4000244140625,1471.199951171875,1477.5,1474.0,1460.0,1474.0
1478.0,1472.300048828125,1474.699951171875,1476.9000244140625,613.0,1476.9000244140625
1476.0,1458.199951171875,1475.0,1459.0999755859375,907.0,1459.0999755859375
1464.199951171875,1458.5999755859375,1458.800048828125,1459.300048828125,899.0,1459.300048828125
1467.199951171875,1460.699951171875,1460.699951171875,1462.5999755859375,1461.0,1462.5999755859375
1475.4000244140625,1463.0999755859375,1463.0999755859375,1469.4000244140625,367.0,1469.4000244140625
1483.9000244140625,1463.699951171875,1475.0999755859375,1466.699951171875,393.0,1466.699951171875
1475.9000244140625,1463.0999755859375,1463.0999755859375,1475.5999755859375,955.0,1475.5999755859375
1475.300048828125,1473.800048828125,1473.800048828125,1475.0,468.0,1475.0
1476.9000244140625,1474.0,1474.0999755859375,1474.5999755859375,99.0,1474.5999755859375
1472.5999755859375,1472.5999755859375,1472.5999755859375,1472.5999755859375,410.0,1472.5999755859375
1478.9000244140625,1473.300048828125,1475.9000244140625,1478.199951171875,250.0,1478.199951171875
1478.0999755859375,1474.699951171875,1476.699951171875,1474.699951171875,319.0,1474.699951171875
1482.5,1479.9000244140625,1482.300048828125,1482.5,118.0,1482.5
1512.300048828125,1505.0,1505.199951171875,1509.300048828125,52.0,1509.300048828125
1513.800048828125,1513.800048828125,1513.800048828125,1513.800048828125,126.0,1513.800048828125
1515.0999755859375,1510.0,1512.5999755859375,1514.5,839.0,1514.5
1523.4000244140625,1513.800048828125,1513.800048828125,1519.5,446.0,1519.5
1528.699951171875,1518.0,1518.0999755859375,1524.5,301.0,1524.5
1552.699951171875,1530.0999755859375,1530.0999755859375,1549.199951171875,214.0,1549.199951171875
1590.9000244140625,1562.300048828125,1562.699951171875,1571.300048828125,1601769.0,1571.300048828125
1580.0,1560.4000244140625,1580.0,1566.199951171875,107.0,1566.199951171875
1576.300048828125,1558.300048828125,1558.300048828125,1571.800048828125,416.0,1571.800048828125
1604.199951171875,1552.300048828125,1579.699951171875,1557.4000244140625,47.0,1557.4000244140625
1555.699951171875,1543.300048828125,1555.699951171875,1551.699951171875,236.0,1551.699951171875
1558.800048828125,1545.4000244140625,1551.199951171875,1557.5,54.0,1557.5
1563.0999755859375,1558.9000244140625,1563.0,1559.9000244140625,207196.0,1559.9000244140625
1558.0,1548.4000244140625,1557.4000244140625,1548.4000244140625,16.0,1548.4000244140625
1546.699951171875,1534.9000244140625,1546.699951171875,1542.4000244140625,48.0,1542.4000244140625
1553.9000244140625,1545.5999755859375,1548.0,1552.0999755859375,32.0,1552.0999755859375
1556.0999755859375,1548.5,1555.699951171875,1549.0,11.0,1549.0
1558.800048828125,1553.5999755859375,1554.0999755859375,1558.800048828125,98.0,1558.800048828125
1559.0999755859375,1555.9000244140625,1557.300048828125,1557.300048828125,97444.0,1557.300048828125
1566.199951171875,1551.0,1559.300048828125,1556.4000244140625,108.0,1556.4000244140625
1557.0999755859375,1549.800048828125,1549.800048828125,1555.300048828125,45.0,1555.300048828125
1564.5999755859375,1552.199951171875,1553.0999755859375,1564.5999755859375,42.0,1564.5999755859375
1571.0999755859375,1556.300048828125,1556.300048828125,1571.0999755859375,15.0,1571.0999755859375
1588.4000244140625,1578.699951171875,1580.5,1582.300048828125,858573.0,1582.300048828125
1584.5,1576.800048828125,1584.300048828125,1576.800048828125,43.0,1576.800048828125
1576.4000244140625,1569.199951171875,1576.4000244140625,1569.199951171875,22.0,1569.199951171875
1569.800048828125,1569.800048828125,1569.800048828125,1569.800048828125,3.0,1569.800048828125
1585.0,1571.4000244140625,1576.800048828125,1583.5,251274.0,1583.5
1589.0,1570.0,1573.4000244140625,1582.9000244140625,62336.0,1582.9000244140625
1598.5,1588.5999755859375,1597.800048828125,1593.5,372385.0,1593.5
1593.300048828125,1568.199951171875,1592.9000244140625,1577.199951171875,1095.0,1577.199951171875
1577.699951171875,1547.800048828125,1577.699951171875,1550.4000244140625,1062.0,1550.4000244140625
1560.699951171875,1547.699951171875,1553.199951171875,1557.800048828125,978.0,1557.800048828125
1565.5999755859375,1551.5999755859375,1553.5999755859375,1565.0999755859375,1305.0,1565.0999755859375
1571.9000244140625,1560.5,1564.9000244140625,1568.5999755859375,110.0,1568.5999755859375
1580.199951171875,1569.300048828125,1575.800048828125,1577.300048828125,204217.0,1577.300048828125
1574.699951171875,1568.5999755859375,1569.300048828125,1574.699951171875,431.0,1574.699951171875
1571.0999755859375,1561.9000244140625,1570.9000244140625,1565.5999755859375,128.0,1565.5999755859375
1568.699951171875,1561.0,1565.199951171875,1567.4000244140625,440.0,1567.4000244140625
1575.0999755859375,1570.199951171875,1570.199951171875,1575.0999755859375,36.0,1575.0999755859375
1582.699951171875,1574.800048828125,1575.800048828125,1582.699951171875,74.0,1582.699951171875
1586.0,1583.300048828125,1585.0999755859375,1585.800048828125,161382.0,1585.800048828125
1604.300048828125,1579.800048828125,1579.800048828125,1600.0,68.0,1600.0
1610.5,1599.699951171875,1600.5999755859375,1607.5,310.0,1607.5
1621.0,1603.0,1606.5,1616.5999755859375,542.0,1616.5999755859375
1645.0,1619.300048828125,1619.300048828125,1644.5999755859375,117.0,1644.5999755859375
1684.0999755859375,1654.5999755859375,1656.0,1667.5,1646902.0,1667.5
1686.5999755859375,1650.0,1657.0,1672.4000244140625,186.0,1672.4000244140625
1653.699951171875,1632.300048828125,1645.0999755859375,1646.9000244140625,435.0,1646.9000244140625
1648.0999755859375,1636.4000244140625,1644.0,1640.0,409.0,1640.0
1662.5,1636.699951171875,1643.0,1643.0999755859375,560547.0,1643.0999755859375
1651.0,1564.0,1646.0999755859375,1642.5,713044.0,1642.5
1612.0999755859375,1576.300048828125,1592.800048828125,1566.699951171875,427903.0,1566.699951171875
1650.5,1585.9000244140625,1586.0,1594.800048828125,446398.0,1594.800048828125
1654.300048828125,1632.5999755859375,1640.0999755859375,1644.4000244140625,297251.0,1644.4000244140625
1675.5,1635.5999755859375,1638.199951171875,1643.0,333945.0,1643.0
1692.800048828125,1642.4000244140625,1673.0999755859375,1668.0,619051.0,1668.0
1704.300048828125,1658.0,1692.5999755859375,1672.4000244140625,467110.0,1672.4000244140625
1681.300048828125,1641.0999755859375,1679.5999755859375,1675.699951171875,357858.0,1675.699951171875
1671.800048828125,1632.4000244140625,1649.300048828125,1660.300048828125,373462.0,1660.300048828125
1651.0,1560.4000244140625,1633.0999755859375,1642.300048828125,553457.0,1642.300048828125
1597.9000244140625,1504.0,1582.699951171875,1590.300048828125,524471.0,1590.300048828125
1574.800048828125,1450.9000244140625,1563.800048828125,1516.699951171875,535860.0,1516.699951171875
1554.300048828125,1465.5999755859375,1512.800048828125,1486.5,415321.0,1486.5
1547.0,1473.300048828125,1527.5999755859375,1525.800048828125,412332.0,1525.800048828125
1502.800048828125,1460.0999755859375,1487.199951171875,1477.9000244140625,306016.0,1477.9000244140625
1519.4000244140625,1457.5,1471.5999755859375,1479.300048828125,253577.0,1479.300048828125
1510.699951171875,1484.5999755859375,1505.0,1495.5999755859375,1415965.0,1495.5999755859375
1576.0,1488.199951171875,1496.199951171875,1575.699951171875,170446437.0,1575.699951171875
1698.0,1578.800048828125,1590.9000244140625,1696.0999755859375,230724452.0,1696.0999755859375
1679.0,1615.199951171875,1671.699951171875,1638.0999755859375,135796364.0,1638.0999755859375
1672.4000244140625,1611.0,1628.9000244140625,1636.5999755859375,101608789.0,1636.5999755859375
1647.199951171875,1611.4000244140625,1639.699951171875,1630.5999755859375,50347295.0,1630.5999755859375
1673.5999755859375,1634.4000244140625,1641.199951171875,1664.199951171875,668394.0,1664.199951171875
1651.5999755859375,1607.199951171875,1645.5,1637.199951171875,79971500.0,1637.199951171875
1641.5999755859375,1570.0,1637.199951171875,1592.4000244140625,79259106.0,1592.4000244140625
1612.4000244140625,1571.5,1596.800048828125,1605.199951171875,85905097.0,1605.199951171875
1645.5999755859375,1586.0,1598.699951171875,1637.699951171875,81969792.0,1637.699951171875
1652.800048828125,1619.800048828125,1634.800048828125,1648.800048828125,65942638.0,1648.800048828125
1742.5999755859375,1626.5,1641.9000244140625,1730.699951171875,89924751.0,1730.699951171875
1742.5999755859375,1672.0,1707.0999755859375,1693.9000244140625,194263.0,1693.9000244140625
1695.800048828125,1662.5,1683.0999755859375,1680.699951171875,66999389.0,1680.699951171875
1754.5,1682.4000244140625,1684.300048828125,1740.5999755859375,90794733.0,1740.5999755859375
1747.699951171875,1731.800048828125,1742.300048828125,1738.199951171875,576785.0,1738.199951171875
1772.800048828125,1730.0999755859375,1730.300048828125,1769.4000244140625,82922552.0,1769.4000244140625
1788.800048828125,1736.0,1780.5999755859375,1751.300048828125,119041708.0,1751.300048828125
1758.5,1724.0,1754.4000244140625,1743.300048828125,99885419.0,1743.300048828125
1768.0,1715.0,1743.0999755859375,1730.0999755859375,99128838.0,1730.0999755859375
1723.300048828125,1686.5,1720.300048828125,1694.5,125232803.0,1694.5
1694.800048828125,1686.199951171875,1693.0999755859375,1690.199951171875,380197.0,1690.199951171875
1718.4000244140625,1680.0,1696.5,1707.699951171875,99271986.0,1707.699951171875
1718.0,1659.9000244140625,1705.4000244140625,1706.0,126145255.0,1706.0
1742.4000244140625,1695.4000244140625,1703.0999755859375,1687.800048828125,187864.0,1687.800048828125
1764.199951171875,1735.5,1737.5999755859375,1747.5999755859375,100270320.0,1747.5999755859375
1760.199951171875,1725.4000244140625,1746.0,1745.699951171875,89027416.0,1745.699951171875
1743.300048828125,1737.0999755859375,1740.199951171875,1741.4000244140625,269034.0,1741.4000244140625
1745.800048828125,1717.0,1742.300048828125,1720.300048828125,80903668.0,1720.300048828125
1731.9000244140625,1704.0999755859375,1713.0,1721.0,96211082.0,1721.0
1733.5,1708.199951171875,1724.800048828125,1722.199951171875,156725.0,1722.199951171875
1737.0,1687.5,1729.5999755859375,1713.4000244140625,228730.0,1713.4000244140625
1714.4000244140625,1676.0,1693.5,1694.199951171875,164380.0,1694.199951171875
1711.9000244140625,1700.300048828125,1711.199951171875,1706.4000244140625,474348.0,1706.4000244140625
1726.0,1700.300048828125,1711.199951171875,1700.9000244140625,146307.0,1700.9000244140625
1717.800048828125,1695.4000244140625,1703.9000244140625,1712.0999755859375,90856691.0,1712.0999755859375
1715.199951171875,1683.300048828125,1710.699951171875,1691.9000244140625,98111911.0,1691.9000244140625
1733.199951171875,1686.800048828125,1695.300048828125,1723.199951171875,104619464.0,1723.199951171875
1735.5,1703.0999755859375,1727.0,1704.800048828125,106158530.0,1704.800048828125
1711.300048828125,1703.9000244140625,1706.0,1708.5999755859375,350038.0,1708.5999755859375
1712.5999755859375,1692.0999755859375,1709.300048828125,1700.0999755859375,99062967.0,1700.0999755859375
1716.5999755859375,1700.4000244140625,1704.199951171875,1706.0999755859375,90418137.0,1706.0999755859375
1727.0,1701.5999755859375,1705.5999755859375,1725.800048828125,94675242.0,1725.800048828125
1746.5,1716.0,1721.9000244140625,1742.800048828125,105081916.0,1742.800048828125
1761.199951171875,1736.800048828125,1742.5,1754.0999755859375,100958337.0,1754.0999755859375
1768.300048828125,1755.199951171875,1757.5,1767.9000244140625,714482.0,1767.9000244140625
1775.800048828125,1729.300048828125,1771.0,1736.5,142944830.0,1736.5
1751.5999755859375,1727.199951171875,1740.199951171875,1749.0,98019332.0,1749.0
1757.5999755859375,1744.0,1754.9000244140625,1749.699951171875,90999071.0,1749.699951171875
1744.800048828125,1715.300048828125,1742.0999755859375,1725.300048828125,117665805.0,1725.300048828125
1742.0,1726.0,1728.199951171875,1734.699951171875,101050564.0,1734.699951171875
1732.5999755859375,1729.5999755859375,1731.300048828125,1730.0999755859375,93921.0,1730.0999755859375
1731.5,1718.0,1728.0,1726.5,30101859.0,1726.5
1736.4000244140625,1700.0,1736.300048828125,1705.0,178760046.0,1705.0
1713.199951171875,1684.199951171875,1698.300048828125,1707.5,69434425.0,1707.5
1743.699951171875,1707.4000244140625,1711.5,1734.0999755859375,75415191.0,1734.0999755859375
1754.5,1717.199951171875,1732.800048828125,1743.0,70842374.0,1743.0
1758.5999755859375,1740.4000244140625,1749.800048828125,1755.0999755859375,444305.0,1755.0999755859375
1761.0,1737.5999755859375,1752.300048828125,1756.800048828125,83248362.0,1756.800048828125
1757.0,1728.0,1752.300048828125,1734.699951171875,82584703.0,1734.699951171875
1732.199951171875,1690.300048828125,1728.800048828125,1702.0999755859375,127026301.0,1702.0999755859375
1729.0,1699.5999755859375,1704.9000244140625,1719.800048828125,100634192.0,1719.800048828125
1718.4000244140625,1671.699951171875,1715.199951171875,1688.5999755859375,133571515.0,1688.5999755859375
1688.199951171875,1680.699951171875,1686.699951171875,1684.0999755859375,342242.0,1684.0999755859375
1701.5,1690.4000244140625,1691.5,1697.199951171875,18351869.0,1697.199951171875
